id,name
3ERZA2UXA1cD5WAELjSpa6,Take Me Back to London (feat. Stormzy)
4evmHXcjt3bTUHD1cvny97,Beautiful People (feat. Khalid)
0TK2YIli7K1leLovkQiNik,Señorita
3HVWdVOQ0ZA45FuZGSfvns,I Don't Care (with Justin Bieber)
44ZJ4hLD5onikKsVLQaILr,Vossi Bop
6u7jPi22kF8CTQ3rb9DHE7,Old Town Road (feat. Billy Ray Cyrus) - Remix
2TIlqbIneP0ZY1O0EzYLlc,Someone You Loved
4kV4N9D1iKVxx1KLvtTpjS,"break up with your girlfriend, i'm bored"
14msK75pk3pA33pzPVNtBF,7 rings
25sgk305KZfyuqVBQIahim,Sweet but Psycho
0UZkN083oH7wdTRV7S6PiT,We Built This City
2rPE9A1vEgShuZxxzR2tZH,"thank u, next"
2VxeLyX666F8uXCJ0dZF8B,Shallow
01IQ4aQgOf0Kkq3a273hmO,Funky Friday
5N5k9nd479b1xpDZ4usjrg,Promises (with Sam Smith)
0d2iYfpKoM0QCKvcLCkBao,Eastside (with Halsey & Khalid)
2G7V7zsVDxg1yRsu7Ew9RJ,In My Feelings
4ofwffwvvnbSkrMSCKQDaC,Shotgun
6kPJZM97LwdG9QIsT7khp6,Solo (feat. Demi Lovato)
083Qf6hn6sFL6xiOHlZUyn,I'll Be There
7ef4DlsgrMEH11cDZd32M6,One Kiss (with Dua Lipa)
1cTZMwcBJT0Ka3UJPXOeeN,Nice For What
10Igtw8bSDyyFs7KIsKngZ,Freaky Friday (feat. Chris Brown)
5CLGzJsGqhCEECcpnFQA8x,These Days
6T8cJz5lAqGer9GUHGyelE,God's Plan
5UEnHoDYpsxlfzWLZIc7LD,River (feat. Ed Sheeran)
0tgVpDi06FyKpA1z0VMD4v,Perfect
0ofbQMrRDsUaVKq2mGLEAb,Havana
29lFEhiASt32nnalcUDMGi,rockstar
1mXVgsBdtIVeCLJnSnmtdV,Too Good At Goodbyes
6uFsE1JgZ20EXyU0JQZbUR,Look What You Made Me Do
4LihUZcWy0B6lGLqcJ8u9B,New Rules
6BaCraQ9xeLYg4Sb9TBT2X,"Feels (feat. Pharrell Williams, Katy Perry & Big Sean)"
1OAh8uOEOvTDqkKFsKksCi,Wild Thoughts (feat. Rihanna & Bryson Tiller)
5y9VR6oWTFjtprI6Zia6aB,Bridge Over Troubled Water
5CtI0qwDJkDQGwXD1H1cLb,Despacito - Remix
72Q0FQQo32KJloivv5xge2,I'm the One
1x5sYLZiu9r5E43kMlt9f8,Symphony (feat. Zara Larsson)
5ELRkzdzz0HvGpMDlfZHkV,Sign of the Times
0FE9t6xYkqWXU2ahLh6D8X,Shape of You
5knuzwU65gJK7IF5yJsuaW,Rockabye (feat. Sean Paul & Anne-Marie)
6wZ8kvKP9d1MKlNFTMZrBK,Shout Out to My Ex
5uCax9HTNlzGybIStD3vDh,Say You Won't Let Go
7BKLCZ1jbUBVqRi2FVlTVw,Closer (feat. Halsey)
6DNtNfH8hXkqOX1sjqmI7p,Cold Water (feat. Justin Bieber & MØ)
0JoaFxLgrqbWutREzcZBzS,One Dance
42HkkKHSO1PoBAshifSOlr,I Took A Pill In Ibiza
5kqIPrATaCc2LqxVWzQGbk,7 Years
0IKK48xF4eEdfofyaeKWWO,PILLOWTALK
1WP1r7fuvRqZRnUaTi2I1Q,Stitches
12yATxj1ppXs8quI0Dn63D,A Bridge Over You - (Radio Edit)
3hB5DgAiMAQ4DzYbsMq1IT,Love Yourself
69bp2EbF7Q2rqc5N3ylezZ,Sorry
1MDoll6jK4rrk2BcFRP5i7,Hello
6fPKKB6urCEXl4s7lCd2hF,Turn The Music Louder (Rumble) - Radio Edit
4oWmroatZtMmlgc3havMrv,Writing's On The Wall
42zLyJxoTWBGAu6481ALWL,Easy Love
3pzjHKrQSvXGHQ98dx18HI,What Do You Mean?
6bRbeEgg8v8BQ0HuVuPE7v,Fight Song
1KtVVUM6OkpyOsbVfbMybX,Don't Be so Hard on Yourself
3rKYiySCDMUKTw5kGVVhaa,Marvin Gaye
2K87XMYnUMqLcX3zvtAF4G,Drag Me Down
5y6pj7OeBFF0CVgZKhRbOG,Black Magic
2rWisQk9hxSap9ZtTx45sv,House Every Weekend - Radio Edit
0uP43OVpCAni4r4TPJDloZ,Are You With Me - Radio Edit
01wuIn1TP5FCvYyqBTdsGC,Not Letting Go (feat. Jess Glynne)
0HFx7PLqzGxSfN59j3UHmR,Want to Want Me
6fQcqEcXfnY0L6VwS0c3gT,Cheerleader (Felix Jaehn Remix) - Radio Edit
7wqSzGeodspE3V6RBD5W8L,See You Again (feat. Charlie Puth)
58jx3tTuDuzHysC77c0AQd,Hold My Hand
7E7sAg5qPv0cObXCWRsYMJ,Lay Me Down
4SNtBMJa7Wpk1tJzMSUv9B,King
3zHq9ouUJQFQRf3cm1rRLu,"Love Me Like You Do - From ""Fifty Shades Of Grey"""
64G2uKq3Snj48ppUZX1Z5t,Something I Need
32OlwWuMpZ6b0aN2RZOeMS,Uptown Funk
5UmoLXuLoTDwujmVyjuZtF,These Days
5MJP0TRQebWaV6KrXuwyfv,Do They Know It's Christmas? - 2014
34uUjGoHYv9tejmjA3pYKm,Wake Me Up - Official BBC Children In Need Single 2014
0Nu64rJw60LPf816F9k5VN,I Don't Care
34gCuhDGsG4bRPIf9bb02f,Thinking out Loud
5jE48hhRu8E6zBDPRSkEq7,All About That Bass
7zrYKlgYQv1ELz7LGyjTd1,Bang Bang
10zm24iyuS1T08u7gtW8DZ,Changing - Radio Edit
07nH4ifBxUB4lZcsf44Brn,Blame
4MteadAdoJXNnuBIa0Q1ZK,Prayer In C
5qB6XYfzI1ZeZPbWJgsF0a,Lovers on the Sun (feat. Sam Martin)
18n3RlT0UNcy2yHImHy8IT,Rude
6jShUw2NqZxEXH60gVTHrV,Crazy Stupid Love
2rJojRundKuKFgbvmCAYva,Me And My Broken Heart
1zaaaGPDU60KYY60M4JVl2,It’s My Birthday
3cySlItpiPiIAzU3NyHCJf,Problem
483XiZ5o13Cc1zoWV7jGml,Gecko (Overdrive) - Radio Edit
4XPWKmy05Rcff6TLHNoNF8,Ghost
6K8qKeWo5MsFED7wCR6Kop,Sing
17uGIdhKRZlEGPibUFQeJM,I Wanna Feel - Radio Edit
62NVyyEBiRxGae3SeB97nl,Stay With Me
2ia7iiEtpiOL2ZVuWxBZGB,I Will Never Let You Down
6YUTL4dYpB9xZO5qExPf05,Summer
5Sf3GyLEAzJXxZ5mbCPXTu,Waves - Robin Schulz Radio Edit
1iXBApi39l5r6lJj9WEXXS,Hideaway
23PJY70rydGYINeC4Anfnu,Nobody To Love - Extended Mix
1FsH6OZCKLWbBgqj8JcCvO,The Man
1CQ2cMfrmFM1YdfmjENKVE,She Looks So Perfect
4r8hRPbidDIoDPphxi78aY,I Got U
2NFrkgZzweWIiC9tUrjDnx,Tsunami (Jump) [feat. Tinie Tempah] - Radio Edit
0idc0XRnLRovVqpWnGQ6hC,My Love
3rUy62uDqI4DDkCOT5bkt3,Money On My Mind
3s4U7OHV7gnj42VV72eSZ6,Rather Be (feat. Jess Glynne)
3tgZ9vmhuAY9wEoNUJskzV,Timber
6NPVjNh8Jhru9xOmyQigds,Happy
2O0FqpBiiCGVkbSc9LvWom,Skyscraper
4J7CKHCF3mdL4diUsmW8lq,Under Control
3DDGhkxq3FeUorZppSgeLE,Somewhere Only We Know
28GieRAflAHypFfEimSaxa,Animals - Extended
5PYmUtuSE4x7WcPWRRpX06,Look Right Through - MK Vocal Edit
5U8hKxSaDXB8cVeLFQjvwx,The Monster
3yvZ1VUso9Xi7EvIyLaj4o,Royals
2vwlzO0Qp8kfEtzTsCXfyE,Wrecking Ball
1QzFhzIOW7CyRJLpmq5CM0,Counting Stars
2yFh7Oz9g0bpHp3iis2Iu2,Talk Dirty (feat. 2 Chainz)
3bDGwl0X3EjQmIyFD1uif5,Roar
6B8CAgQ38mWf7xTvFtC0BB,Burn
2y4lAQpi5VTNLu2ldeTdUH,We Can't Stop
5ji2u4VyupN26DH9JgmS1B,Wake Me Up - Avicii By Avicii
3CvRHWTTER3tsaLPAL2Yxv,Love Me Again
3VZQshi4COChhXaz7cLP02,I Love It (feat. Charli XCX) - Original Version
0XzkemXSiXJa7VgDFPfU4S,Blurred Lines
3wPPWcVuinAU7dXcJXtCID,La La La
2Foc5Q5nqNiosCNqttzHof,Get Lucky (feat. Pharrell Williams & Nile Rodgers) - Radio Edit
6yraFyhgbavO2amB2lhpfi,Waiting All Night
6irLjfLIGLF9cr6JPV7m1v,Need U (100%) - Radio Edit
6jFWr9I7WD74ZpKCqV01MO,Let's Get Ready to Rhumble - 100% Radio Mix
6mV1VU6WeVi7IqFrAi2D2e,What About Us
4rHZZAmHpZrA3iH5zx8frV,Mirrors
3jZomvOBa5qfTo5HkqI1p5,One Way or Another (Teenage Kicks)
4q7dBdsALA5BSunzryc104,I Could Be The One (Avicii Vs. Nicky Romero) - Radio Edit
1CmUZGtH29Kx36C1Hleqlz,Thrift Shop (feat. Wanz)
0OLRKxstvcSbGyPHx2XNmA,Get Up (Rattle) - Radio Edit
7n6ibfsRHhCb1Ccl9Fg2CZ,Scream & Shout
7kakk64AMtK9jBku94bGrN,"He Ain't Heavy, He's My Brother"
5yVIlYEHZxQVLyInCdldoS,Impossible
1m5eFhE34yyYv2lkjtcKPG,The Power of Love
4jOtC832PyIXlCVPRElfQu,Troublemaker (feat. Flo Rida)
7kSLdGdXLey7pzLsWpdg1h,Little Things
6q0bd7BtBi8UXykv8jAwkz,Candy
2EcsgXlxz99UMDSPg5T8RF,Beneath Your Beautiful
24LS4lQShWyixJ0ZrJXfJ5,Sweet Nothing (feat. Florence Welch)
2V65y3PX4DkRhy1djlxd9p,Don't You Worry Child - Radio Edit
1mwt9hzaH7idmC5UCoOUkz,Diamonds
1R2SZUOGJqqBiLuvwKOT2Y,Gangnam Style (강남스타일)
7wMq5n8mYSKlQIGECKUgTX,Hall of Fame
4kte3OcW800TPvOVgrLLj8,Let Me Love You (Until You Learn To Love Yourself)
2I3LedEFiVaE99yQn1j4mo,Wings
0d5f6gzzW1Pgx9uJsLrSDP,Bom Bom - Radio Edit
65UnVEqHActQfVQiAF81Ws,How We Do (Party)
63bsPe8aayiERVIgTV9EBS,Heatwave (feat. Ms. D)
7efTNoBgYZ3IsB8wpP1f7R,Spectrum
5Ws1vVL1d9Bzl3SGLNHG78,This Is Love
1XGmzt0PVuFgQYYnV2It7A,Payphone
5o7TXypciBNWzWLE6Hdzuz,Call My Name
2FxvZ3YgmcRfXovQzT4b2X,Sing
0nypsuS2jtogLaJDcRQ4Ya,Feel the Love
3ehrxAhYms24KLPG8FZe0W,We Are Young (feat. Janelle Monáe)
4T6mVoAJZy0nHbjG91S15B,R.I.P. (feat. Tinie Tempah)
6vCfMx4VdXZGhchq3BTL1Q,Young - Radio Edit
6HkNDcyWdnFXCBkDV5WXNO,Call Me Maybe
0UlHiqi7seV02XNHLMtfGK,Turn Up the Music
1nZzRJbFvCEct3uzu04ZoL,Part Of Me
2dxRN5ikr4BDvZIdVFuBzr,Hot Right Now - Radio Edit
1qDrWA6lyx8cLECdZE7TV7,Somebody That I Used To Know
2dOTkLZFbpNXrhc24CnTFd,Titanium (feat. Sia)
2wqaekenSQZm7hxQOYt8oE,Am I Wrong
6M7bXLGi2e3QKHLwZTTmEN,Twilight
7kg7gCtbQF6zPk0dKpsWTY,Domino
2LEF1A8DOZ9wRYikWgVlZ8,Good Feeling
6nek1Nin9q48AVZcWs9e9D,Paradise
7tAYP51x71IPdDpfNThMeR,Wherever You Are
07ojMjg6XfBNSUdzkOAn7Z,Cannonball
2rBcCj1hJVpyZoPcvKhRrO,Dance with Me Tonight
0YDWyllPwj0FOrdrCjnn9G,Read All About It
5uImkHXfTLkNYwemtGH7kB,We Found Love
5BNHCKB9X3OlW66T5taegZ,Loca People - Original Mix
70D2cjkMcoE9FsBHb2Dhvs,No Regrets
4cluDES4hQEUhmXj6TXkSo,What Makes You Beautiful
4Zwpy6LD8lvQ8vnPU7BPkO,All About Tonight
5gAYUTOGRrqvFCsh44WC1l,Stay Awake - Radio Edit
1f8UCzB3RqIgNkW7QIiIeP,Heart Skips a Beat
0h1FkoAE6ExNXgpXwOzvIp,Don't Go - Radio Edit
5t8ANYm2ToLpjV7AxJ1U1N,Promises
5ojIBrEAUKWkI5BSoWGGFu,Swagger Jagger
6LNr5VAlQhhHgpPnVKcYqd,She Makes Me Wanna (feat. Dev)
6nHqns54LRqDNjeqKDF3v8,Glad You Came
2ankTCi2fpXrzUqaGyZnZS,Louder - Radio Edit
1rQTMVuuEa5PAcWdzAkZ3L,Don't Wanna Go Home
1qWZsZs9rSp7c1MywooNsj,Changed The Way You Kiss Me - Radio Edit
4QNpBfC0zvjKqPJcyqBy9W,Give Me Everything
386RUes7n1uM1yfzgeUuwp,The Lazy Song
1ve0SgTZkv3wdggJLqtBYU,Party Rock Anthem
7Hv89f7Dpm5Hce1XkBbjQZ,On The Floor - Radio Edit
7pAq1IXYZpL42HchCminu6,Don't Hold Your Breath
6QPKYGnAW9QozVz2dSWqRg,Someone Like You
7nqlRkgNyEpb9nvb03GMp7,Price Tag
7FeG6WaqNQ3Ua6M6YZTQ0F,We R Who We R
4lLtanYk6tkMvooU0tWzG8,Grenade
5FTCKvxzqy72ceS4Ujux4N,What's My Name?
2YkyCT5j57Vi5UQGnjIEut,When We Collide
5bitEcj72xFL3yv9ZS5fkE,The Time (Dirty Bit)
5LHcDo8VMxcpMSzESCdLrH,Heroes
0bD7MJ0ypZlZ15UsQToYnN,Love You More
3YJlTDtUXu1sGh8lunblkG,Only Girl (In The World)
2UKWiHzOTYplGmoGlm4cl5,Promise This
6zKMARmU2Ue50cucKnIUR6,Forget You
2chyJjEMYj397jz1QLEGO7,Written in the Stars (feat. Eric Turner)
7BqBn9nzAq8spo5e7cZ0dJ,Just the Way You Are
5Fx8IelcJtmYwmrPgl03mA,Start Without You
5BgdipC6RsYv3d1yMey6Vf,Please Don't Let Me Go
0kST1BXkSUTaNauJrXimM6,Dynamite
6j2to3c3hhBiD2jYONbU6Z,Green Light
6ebkx7Q5tTxrCxKq4GYj0Y,Club Can't Handle Me (feat. David Guetta)
6coYb1caxAI3xw5Gi8ax1w,Beautiful Monster
30R45HO2rhR8YgFbe0fKBc,All Time Low
460IQXPBqCTiPRMzH4bgsy,We No Speak Americano (Original Mix)
1QnvpPFP4Q3FHbDchqWiWy,Airplanes (feat. Hayley Williams)
1mGoy7Gp6uGHen73sXTiN3,The Club Is Alive
6tS3XVuOyu10897O3ae7bi,California Gurls
7eKZAIfTm7gAPULBw0UP6o,Shout
5XA1GxaSpkUDULweScK0Rf,Gettin' Over You (feat. Fergie & LMFAO)
4yndEDcAE7OEnSpHnwfEDz,Dirtee Disco
4X5xWMINgGA6l0GoyYkMcr,Nothin' on You (feat. Bruno Mars)
6MmcXmpXBeqY640DLNHPKW,Good Times - Radio Edit
0NkiBDW2mtvDa16qYiBZJV,Once
76fPgZgFqMJql3vOShaidz,OMG
4urgbN6tlGse0nFnEqOcZW,This Ain't a Love Song
6nCDnzErqalOaIY3EJM8NK,Telephone
4pGv2AFdSV6N2VwAaVciW0,Pass Out
6St9lR6dhV2tpCNVz7qfrS,In My Head
7fw7xzh8bw4euzo7ccnFn2,Everybody Hurts
1mr3616BzLdhXfJmLmRsO8,Fireflies
5vlEg2fT4cFWAqU5QptIpQ,Replay
7J6hgf9j9VQDj3cdnRW8Ov,The Climb
3FUS56gKr9mVBmzvlnodlh,Killing In the Name
1CZOrmHUUjeDP7N2B4Ba6S,Bad Romance
36cujh2MrrfndKnFJrMErW,The Official BBC Children In Need Medley
2F8PtXLzVEXA5c7xzINCAD,You Are Not Alone
3F9ByoUqu31xU0I3G5xfVg,Meet Me Halfway
2OsqzlVFiUGbbYwIPTKTSW,Everybody in Love
33IQnmtJYjCcrvUUMQgi80,Fight For This Love
3yCKEcVz0lXwumdVPhpbct,Bad Boys
7d89bMuPJbvezF0gaCKg72,Oopsy Daisy
2zFq7y4RTlPOfXwXqoVsxe,Break Your Heart
3q5Dk9N7z3lTIiqlIGpSWj,Boys And Girls
67aUvruprEAU80e4JAlmLJ,Holiday
40iDB6ut0ofvKFUz3NmSik,Run This Town
6cckkNz643s6DcIBdEuPDd,Sexy Chick (feat. Akon)
4WM19kh20r1JvfN2Pwl7XL,Never Leave You - Single Version
1u0aIMrEBvFkRtgcg264gW,I Gotta Feeling
1pAAPoExFWoQWNENkhenwS,Beat Again - Radio Edit
0jDWRUbxSn8zQlwFbeLHwo,Evacuate The Dancefloor
3pU3mRumn5rWii1rKNu1eV,Bulletproof
1hRFVIy9As8OVRk8B7CrD5,When Love Takes Over (feat. Kelly Rowland)
0QFb9H22cwxDaMI8C6Vy1s,"Mama Do (Uh Oh, Uh Oh)"
4X3DTWKa5uAqcUPlVQBgcC,Bonkers
3oDFtOhcN08qeDPAK6MEQG,Boom Boom Pow
3uRIGDDdT4tztwsOSLmjZg,Number 1
2yOuGDHSfMia4niyT8zTMh,I'm Not Alone - Radio Edit
6w1hZMlo2SVuq29liebhb8,Poker Face
0wruS6JEQCGeYrvsCIdG0Z,Right Round (feat. Ke$ha)
4Dm32oO01YpIubCHaAtKkN,My Life Would Suck Without You
3Uj1jEITnV9wQPIaXqQIPF,The Fear
20Hgxa2WX0Q5KlZAR5sFCO,Just Dance
5IaR621NoOM6i5KTcuNRHM,Hallelujah
4hrAKlxfblnG7llBEEX7TR,Run
3LF54Y7TxU5vy3YKAIfiQ4,Greatest Day
26NX1wPt1TRCH536yocd6i,If I Were a Boy
1kAZHCSfo1u3Ch7PwJuDid,Hero
2ldZz6jjEgAwHlFlgfOEUP,The Promise
19qn6oU2t0E72ENA0aWNsX,So What
5A1FmxbYVRZKy4nc16MAue,Sex on Fire
1OSOIqSnhP83MlkbTY90Do,I Kissed A Girl
368S2jjTfDk9Hk9x9YDzwj,All Summer Long
2Slm8U9Ql1TlzHMC7gOCec,Dance Wiv Me
7kX9ZwAtHMcFduZGlODGh3,Closer
7fcgisGFCr4mfbfNSztr84,Viva La Vida
2lrkgtrmmWniRyWsUCoAv1,Singin' in the Rain
27axXGUeqHViAhTNPYpbho,Take A Bow
0GrrLYCH8u81aENhC8FBF4,That's Not My Name
1oHClQEgDmmbcEx12Kc5nZ,4 Minutes (feat. Justin Timberlake & Timbaland)
41on8RwRh22IHcChAN2gm8,American Boy (feat. Kanye West)
1zusIxNqJu8i4g6P6hJ2Qa,Mercy
6hCDqdglRRrX6IkXCkF0o3,Now You're Gone - Radio Edit
4RpkoqV661sXIbFotJ3uyx,What A Wonderful World
7wZUrN8oemZfsEd1CGkbXE,Bleeding Love
2lJgtPpvgs4wKY5ngX1BQ9,About You Now
67D9O4Oau629qirRXtTWCS,Beautiful Girls
4y6c5vMzKKM3KsMbHtjKx5,Stronger
1udatnszS8tBn56YeM9w57,With Every Heartbeat - with Kleerup
5J7iGuzi7Nj8SGvt0TAVzK,The Way I Are
5i66xrvSh1MjjyDd6zcwgj,Umbrella
6nSr2pjXLfWNiVT4nCTX7F,Baby's Coming Back
1NUbusXzDLdrLNvSd9aizW,Beautiful Liar
2KjpWqvSKoQh0XIAywplWn,Give It To Me
66S14BkJDxgkYxLl5DCqOz,I'm Gonna Be (500 Miles)
1GTiybcmydRZ538koZv9e4,Walk This Way
1hrsEHe39nYu1pJx0Nrxd7,Shine
0N5x5UmYcbBeHFJtCCqf62,Ruby
4Sqc0kPuZpfI0T2TZBu8JT,Grace Kelly
5i9UKSttY3V7x9OnYZsMBX,A Moment Like This
4DxybsoSiMUW0JI2oM0SSN,Patience
3qKGvSu1inEZKwYQnMavNA,Smack That
5WqcLwanx87IgXy3WxYxY2,The Rose
2T1Xemp92qxuUCAFBWfRrj,Put Your Hands Up For Detroit
72LF4BzpdOWaH0sNWOqFzc,Star Girl
5wQnmLuC1W7ATsArWACrgW,Welcome to the Black Parade
6bS7DqTuzrpkluB7boWmw2,America
1qEHgdFqUxFebMPk8s2HLY,I Don't Feel Like Dancin' - Radio Edit
40VAYnnGBDLQVXD8D1ager,SexyBack
423EcxblW9F4nnQkqcqMlK,Deja Vu (feat. Jay-Z)
60Paqu97lzQWDqACLcgbpi,Don't Stop Me Now
79z9QkhHePTFsSeVw9uyj0,Smile
3ZFTkvIE7kyPt6Nu3PEa7V,Hips Don't Lie (feat. Wyclef Jean)
4wH4dJgrsxONID6KS2tDQM,Maneater
4mnTMsp8Cgf9TNiQMhH11L,I Wish I Was a Punk Rocker (with Flowers in My Hair)
1vxw6aYJls2oq3gW0DujAo,Crazy
5203pcq3cNteJuOVhIEnt6,So Sick
0nJEcAgCKrFliZ5q0JxEtc,No Tomorrow
3ysoxHBl9rPH9FzVQMHDZY,It's Chico Time
55whbebR4olz2HHcRQa2kx,Sorry
6P9sHvYgGiImYtfcT5Zq34,Thunder In My Heart Again - Radio Edit
3NnUocBmP4PuEEe1eQkuwE,"Nasty Girl (feat. Diddy, Nelly, Jagged Edge & Avery Storm) - 2005 Remaster"
5npqVYHjQeHFTE9iZBio6Q,When The Sun Goes Down
7M8WeoB04edlpGg6fbT1Ex,That's My Goal
6CWCgRZ0Hxa2dnrCCvq5bA,JCB
0mhVi5NpxkA3zzbiulfkow,Stickwitu
3850dYVgOFIXJh5U4BFEWH,Hung Up
3QNv5UzB8hhSORC9u5RCzN,You Raise Me Up
0S7zL7ae0KpOSPKeFQpHo8,I Bet You Look Good On The Dancefloor
2QLpb4NTanBFwmfW1nI0gO,Push The Button
4o3cq2szX7THGyZDsWtp59,Don't Cha
4Hff1IjRbLGeLgFgxvHflk,DARE
1cmSdSId6MDQ6JSjbTisHG,The Importance Of Being Idle
3nH5dhSry7dz8VBQSAAFH3,I'll Be OK
0vg4WnUWvze6pBOJDTq99k,You're Beautiful
2MQ51y5NhCyva4SgWmK2Me,Ghetto Gospel
5TYniOEJH3JmtLb4NxkK2i,Axel F
59iMndgRxDOBjIZtt8YAUW,Lyla
3nKeNPOQXlQhT7vPPdwDaq,Lonely
45THyKtGoxYSVf61XXfTGd,All About You
0IOgCgSDoRBHK9uNTpJnbx,Dakota
15AzE4Ua8dsSSooZEhkO7i,Over And Over - Album Version / Explicit
2t4H5c7vY2A9CY4tJFiBZT,Get Right
6fzcnVO0X2cpYjsHk19GJo,Sometimes You Can't Make It On Your Own
6AnfqcIa7IyrCMtgh5P6Wc,Like Toy Soldiers
1XunTmhOcj3xwh4b8P3isX,It's Now or Never
3dFwpxh2yH7C7p9BGEKLVB,Goodies (feat. Petey Pablo)
1W5Vp1lP4uhlxyUwgxQq4f,One Night
6pyex9B1kBoRIuabBAc4m8,Jailhouse Rock
3drPcekysGfjSyicFRLP7X,Do They Know It's Christmas? - 2004 Version
5uJyMQVvmzW1hm8AYz9Xmk,I'll Stand By You
1gVVSmhWjci8l9Vrsl6HaS,Vertigo
0ejoA3sOgQpHHvsTb3GDW3,Just Lose It
5MTqczrMNkxZbFghiopgHL,Wonderful
2r7J1AX8x0JcPPVpCSrKer,Radio
3uLSUZEmTY50H6Kw17lpfW,Call On Me - Radio Edit
7wkFy7MIZJhFd17X4g4AIx,Real to Me
5LjboCwi3RynJARKqnvHmT,My Place - Radio Edit
6QLU1GKy2Zh2mOh2uoJ0TV,These Words
0dAn58pe2GWDTlqa2Th4mP,Babycakes
4NfqVRtsXNfe8HuKgQWDTL,Thunderbirds Are Go
3PEx44by2Pe7E6M8tgqE5N,Dry Your Eyes
1seF5FpRtNXsmNxlEDDxuN,Lola's Theme
7z3N2W7Xz1t2G2sAO8wFVH,Burn - Confessions Special Edition Version
2iPIMWQYcrvV6MDlnEgw4i,Obviously
5r55eZvOijyYZRPCdQbu85,Everytime
3pYcGuasNwouukvgQcgo9a,I Don't Wanna Know (feat. Enya And P. Diddy)
3kuEss8fQw9XcHZxedfTqt,F.U.R.B. (F U Right Back)
3K67L83YEiEo6Wyir4pkDU,Fuck It (I Don't Want You Back)
3F9bjX7NbmiZLpYFUKTU2l,Five Colours In Her Hair
5rb9QrpfcKFHM1EUbSIurX,Yeah! (feat. Lil Jon & Ludacris)
5DEydeBu25noIyDtpSf2h2,Cha Cha Slide - Hardino Mix
26nr9XnFCYWxBTIP7HyWXg,Toxic
3GCpEbJzknVdpvx9WI03x3,Mysterious Girl - Radio Edit
3bikxUy7Llx2WWb0rcpvvx,Who's David
4ooxI8ZZqjepaRJwF9m70r,Take Me To The Clouds Above (Radio Edit) [LMC Vs. U2] - LMC Vs. U2 / Radio Edit
3VLEQvzk2IqoWbHpjnFuPK,All This Time
3JOVTQ5h8HGFnDdp4VT3MP,Mad World (Feat. Michael Andrews)
4UKfhvNt7xZja57NIENZkk,Changes
4mZsyuthp695XQWwb2g3qe,Leave Right Now
48jd71gnyIlLdXOYX2qJ6p,Mandy
0Moy3K17gGUH6SFwNPIDdU,Crashed The Wedding
3Q88P7QB30k4iT4kty7nyZ,Slow
29TJpH7vOyURlvEVVTMXwq,Be Faithful
0ei6GEDD2dV6U2507Po9ma,Hole In The Head
7oPnZNl1acGA7ELxsNirrR,Where Is The Love?
3YdJzolD4HFvWGioELW2pC,Are You Ready For Love - '79 Version Radio Edit
1BPybPVkDfUjFDvqG04l58,Breathe - Rap Version
5hZAS7vmER5XJYCFcSuV8p,Never Gonna Leave Your Side
5IVuqXILoxVWvWEPm82Jxr,Crazy In Love (feat. Jay-Z)
646J2jOtUe4Jflrmh6JFjN,Bring Me To Life
29pIgBybQFDDuZEu2wMaEA,Ignition
1zEru7ZuZFzkjRoUDvsWQ6,Loneliness - Radio Cut
27awqV5oMYG3YQSOWmcSMh,You Said No
3UZK9yD18Mtzb6MgYBmuLW,Make Luv - Live
25lhSmtbwemCL9VG51fEzw,Spirit In The Sky - With Special Guests 'The Kumars'
3TCauNPqFiniaYHBvEVoHG,Beautiful
6tBdTwcyyGq1HU3PXgZK82,All The Things She Said
4XUuCHL68KXwJxHjgERWzd,Stop Living The Lie
0SKjqIViHaXWhmaKuJbMrq,Sound Of The Underground
2We955n2EKpmbKm2H8kWYz,Sorry Seems To Be The Hardest Word - feat.Elton John
7MJQ9Nfxzh8LPZ9e9u68Fq,Lose Yourself
6B6aCxSBsECsulzOkJRxGv,If You're Not The One
59ZTxQo8rBycIXPLUIKvE2,Dirrty (feat. Redman)
3VBmCPDcJ4LXBXUVnrox4Y,Unbreakable - Single Remix
0KT6DLAELYSbgfUemzwGPX,Heaven (featuring Do)
18vdhCWxqPohnPwicDi3Xr,Dilemma
46YNMs8Hh6yjn5x0qtUMbg,Aserejé (The Ketchup Song)
4mGDeChO9f1Tds6cUEOHSn,The Long and Winding Road
7uz2Rk1sow6wLj3PCXfDeb,Just Like a Pill
5WuVWOngcRkMOx9RRLCvui,The Tide Is High - Radio Mix
4IEOKcFZGMiKp5NXYjH001,Crossroads - Radio Edit
6FmtB3SLE6eqb24VfMnH4z,Round Round
3lkpQ3BbXxPyvwnqjipkH4,Colourblind
5MF62bkZ7Uy3UxteONmUBV,Anyone Of Us (Stupid Mistake)
7FNIEfhhBlzsZFxCwI5Nwh,A Little Less Conversation - JXL Radio Edit Remix
3ncFFKyZYIfiWNaOqvSUKz,Light My Fire
06wOQGz4bGB7HETrIjpIep,Without Me
2zzXeIZU8VkOfrdbO7KW2j,Just A Little
29ZqJAqAS6S6UJ4CB6cfkr,If Tomorrow Never Comes
60RqjHKJNaFuhR8wWN5gvY,Kiss Kiss
3P7FZtdmydBC3YahuDoiGF,Freak Like Me
3VqlGue0KwuWnQPNCUv2ar,The Hindu Times
4o5AS9PNLnSNru7XQsjesQ,Unchained Melody
3BIQKLdTcERol0femiMKQN,Anything Is Possible
2d0KTMihcLLOz29YdYmule,World of Our Own
3Y8WRvVlQHMvtBwaV4TGlJ,Hero
1chu8wc9zbNqTQ2ahROys1,My Sweet Lord
6jr9VaA3GatuhADnz4Sx9r,More Than A Woman
4kSKacywUJHdhyst4PL6pl,Somethin' Stupid
2HStGirSZokbjdi1xU1QCW,Gotta Get Thru This - D'N'D Radio Edit
2wkoy95ZlmANduYJcq5v6K,Have You Ever
0kGE9IwuBGg5hZXKka1GCb,If You Come Back
6uRS28NdvYNpvzflPsO82y,Queen of My Heart - Radio Edit
67bmewSyp7qz1nsveMxcgF,Because I Got High
3E7ZwUMJFqpsDOJzEkBrQ7,Can't Get You out of My Head
5g3rL93FXCoTZwP2zr9RE5,Hey Baby
4c5TBUUCxSbfxoiLbaXVeG,Bob The Builder’s - Mambo No.5 Theme
5JHbwrC8KTnsxfKkWJx09p,Too Close
7nB1nRNmO9sUcXyyt8TNTf,Let's Dance - Radio Edit
2LkvIXU77zvPDFXu6SD73G,21 Seconds
5v3mBaerfr6GTB2inKxq7M,Eternal Flame - Single Version
2pfDQ98TBUQeleVPRweuDb,Eternity
1LO1In9ulvdP2sBjah487v,Another Chance - Radio Edit
2gocMpiwnMRLDejlcSJt7J,Lady Marmalade
0zbfxaHhnFQoKhQ189Z5Wa,Angel
2V3a0xQdTTJJM2MLwAZppM,Do You Really Like It? - Radio Edit
6IOKrkLJQYDwCf6nthu8DB,It's Raining Men
2mc3KhEpFAh8saVFVNb1hC,Don't Stop Movin'
2Mpj1Ul5OFPyyP4wB62Rvi,Survivor
6WJtzSaXumGZ7pIa0z7QIP,What Took You So Long?
2p65vUwuD3UbvH4BvymFsE,Pure & Simple
2ENx9vLmbagrc0yDY1j0BN,Uptown Girl - Radio Edit
0ec2YqaLnasKAES0iWMmhy,It Wasn't Me
6276XQhjrrOD3bW5EaLQNz,It Wasn't Me
4WGTwyHPMvB3HWiEO9R0wb,Whole Again
1jH2IzZ7JnixFoGG6XSnpf,Rollin' (Air Raid Vehicle)
6QAOkWnUrLLoDfmndW9Z3P,Love Don't Cost a Thing
2LGrLtvYEHrd3Nnot4Hxuw,Touch Me
1Ey0REpqfFfAa2ZeTI2pbE,"Can We Fix It? (From ""Bob The Builder"")"
4HkJZAJUvXmqGquwlXFTCu,Stan
1229CMlKZ0VULaGt0lTVzc,Never Had A Dream Come True
69XUpOpjzDKcfdxqZebGiI,"Independent Women, Pt. 1"
2AogRMqARWyUP7VQ3gmSoY,Can't Fight The Moonlight
4JjKoRNoshfbNqrFYthKND,Same Old Brand New You
5p0ietGkLNEqx1Z7ijkw5g,My Love
1NwDWbpg9dPH12xBd2ibrv,Holler
7mybpRuyAt1DqAmYoRp9D4,Stomp
0gzqZ9d1jIKo9psEIthwXe,Beautiful Day
3SD11QnefCc3RNfKzxKMmJ,Black Coffee
5u1kFWItrvidV7dEDa3j1T,Against All Odds (Take a Look at Me Now) (feat. Westlife)
6ynDLZeJjR2XitUKhS7KKW,Lady (Hear Me Tonight)
2zc5zetKXDQR0ITvwuUN3Q,Lady (Hear Me Tonight) - Radio Edit
6IVJFZI4fejlJ9XTa3CG5G,Take On Me
2fzykVsO2Di5jnofUNX3YE,Music
769dsXhj9ZojWQdpek2wpH,Groovejet (If This Ain't Love) - Live Mix
5x5zRAJy1a8lSKWCCKSCIH,I Turn To You - Hex Hector Radio Mix
4pbyDPjFgfPqFTcIMC8xpK,Rock DJ
4DDzkbIwmJVAAo1yJmr5V1,7 Days
4SLF9XoKaFRHyJmBJm7RMi,We Will Rock You - Radio Edit
1Cm7y5pGIT2zdpdRCuKVIc,Life Is A Rollercoaster
5OQGeJ1ceykovrykZsGhqL,Breathless
1MYlx4dBtiyjn7K8YSyfzT,The Real Slim Shady
0JcgDliDqDac8iOFFRm7tZ,Spinning Around
03HhtccRmLReCaa9lp4qHD,You see the trouble with me - We'll Be In Trouble Radio Edit
2WB6dwMrvE7Qdq2cALFc4p,It Feels So Good - Radio Edit
2B7EoyBNWV4kHARYhYNIxC,Day and Night
5SgRNh54TtcgEDF4UdqVsh,Don't Call Me Baby
6naxalmIoLFWR0siv8dnQQ,Oops!...I Did It Again
4UYrVcOhdVQ2L0ZwYliXNH,Bound 4 da Reload - Casualty
3AOdaEVNaVEUTBF3jIn14f,Toca's Miracle - Radio Edit
2YK9Ewy8tytkmKRrOZPjs8,Fill Me In
5h9etcHD1K0OTljIAIw0Kh,Fool Again
77tfHVcjhVnMI9oyL63tWW,Never Be The Same Again - Single Mix
6tciQYmD0nQCdDE4IQCrdy,Bag It Up
0s4OFXSWFjkLeUh8OOeXx1,Don't Give Up
3afv9TL8ixr4T9VbiKnrwe,American Pie
1mPmh1JgBGMPReq6XuhK3x,Pure Shores
5Dkk5FxeipGN7HmY5i4Uq5,Go Let It Out
4DAxxBU8fQ4uDE2Zc3yz6c,Rise
0B1wjAs2UKxKw80zTfjJXU,Born to Make You Happy
0Wij6cWb0i3R6TXrX01nEy,The Masses Against the Classes
0kM9fnkCmFSEVlMIeSYsxJ,I Have a Dream
6SHuJfgeN2LXugmRJrXNcC,The Millennium Prayer
7vPM3drObCRLobjsTfEZ3f,King Of My Castle - Radio Edit
4lO57zZGFcj7vSY4QhfVDq,She's The One
1hM7qXR6BEQPbitmLXIwKR,Lift Me Up
0mrU1w2UMIZnR2I6oguwGz,Keep On Movin'
30ngg6jCMqOBcvj5fLgfBe,Flying Without Wings
6onLnWywmbSnXDFPVY1mM6,Genie in a Bottle
5FgtdSf7I5lClThz2ptWvl,Blue (Da Ba Dee)
5lA6mFOvaiienokVbTZEQx,Mambo No. 5 (A Little Bit of...)
3C3OkboEwcKBAo1GcNhK3x,Mi chico latino
5giCRvTkp5GV5UIAORAOof,If I Let You Go - Radio Edit
5V7uXpEdnRmFsxOiQHD78i,When You Say Nothing At All
0Ph6L4l8dYUuXFmb71Ajnd,Livin' la Vida Loca
1CgbwsrNDlFrRuk2ebQ7zr,9Pm (Till I Come)
65OXGbKBQ8gUyJvUd0jNpf,"Boom, Boom, Boom, Boom!!"
1fn6EFBBNiDVhL3DxDDJTD,Bring It All Back
6Dj7sF21jFINeYsIRv4T5U,You Needed Me
6e40mgJiCid5HRAGrbpGA6,I Want It That Way
4suhxpsuFo9CdUVyOYB6Kl,Swear It Again - Radio Edit
0I72O8mHa0a1FtuIZ4EL45,Perfect Moment
3JPcICirkAw4TLp9UzEcfl,Flat Beat
27zLOXqm4XY2Wezf2sAD0m,Blame It On the Weatherman
1T4ESEbRfULesxX4zLUrCv,When The Going Gets Tough
3MjUtNVVq3C8Fn0MP3zhXa,...Baby One More Time
1OxcIUqVmVYxT6427tbhDW,Fly Away
6nZOutMBlGD8rGMb8POIYr,Maria
7mpcmYoOCeI5gh5azJSnWY,You Don't Know Me (feat. Duane Harden) - Radio Edit
15HadeuRG9THazDGzLH8ZU,Pretty Fly (For a White Guy)
67XL7CV4ndupUswalBCYUo,A Little Bit More
4Kn7oak4QO16Bz3bB8dXqD,Praise You
2kn336kDHlKBFQloUDGVi5,Tragedy
2gRGPTcYmVmzZ9JjA7kLkj,Goodbye
53iQXf3Wq2UmaLPI2DQf8M,To You I Belong
2goLsvvODILDzeeiT4dAoR,Believe
643RBTmy9TbPShSn29TyfW,Girlfriend
4JaUZ4rZaEtisZUiVx1qFJ,Rollercoaster
7eU7mrPH3wG8pgAyFlQS3g,I Want You Back - Radio Edit
2A30Wm5y1lEwmWIe4updOZ,Millennium
5SA1cf0jApqoEabNqfwjdf,Bootie Call - Single Version
2VmyLy2HQlkevZYboXHM5O,If You Tolerate This Your Children Will Be Next
5x0rQU3Bd0ZlH2OiIvZQFz,No Matter What
6BPDPcnbDMDf58srVzbfX9,Viva Forever
68UXr7MyuAyo9c9DzkMnTI,Deeper Underground - Remastered
6vdt2BUd2yB9D74xMcQa4B,Freak Me
6PJb8v5dvpy8tGqVWE9Ziv,Because We Want To
2I2VmhT5SKXbdJpQb0qA89,Three Lions '98
0SHmApKzT0EWhbFKBjsOex,C'est la Vie
1ICgsR0aKlpQKkjf7y7y97,Feel It (feat. Maya)
7nnEIiUzTgXbXzqSN4Ann8,Turn Back Time
78M2x5ojbdTmUOpWrbijG3,Under the Bridge
5lC1tKONEzfqDf3St3YduP,All That I Need - Edit
6PYRmDxsODnCIOu7nngi9E,It's Like That
0YT8MKXuaRdhOnDG9Jm1Dv,Frozen
3Zh5cecN8TqelTN30SJUww,Brimful of Asha
368tuOJxckGRWXcYXfJSxX,"My Heart Will Go On - Love Theme from ""Titanic"""
2biWKOdQ3jXHJPTzk0ZMZD,Doctor Jones - Original Version
47TqCCnEliDp8NRDyIQoQq,You Make Me Wanna...
2f07JplhHDD6HULBaTzmXI,All Around The World
596XLiW6tohIgkcTMf4M6a,Never Ever
1RQnYh2xw2BPpnzQFbO5r5,Too Much
66e2TRYYXe72Kj7iCBVkFC,"Teletubbies Say ""Eh-Oh!"""
7atIHMnLUJ5ikdnosz1GwU,Barbie Girl
5qGwqO0lkbBXw4xNfzT7SF,Spice Up Your Life
3hswKEW1guWZKsKZN8cFT4,Something About The Way You Look Tonight - Edit Version
2KArbNRAnfGcnZ1gSYhVy5,The Drugs Don't Work
2FK7fxjzQEXD7Z32HSF0Hl,"Men In Black - From ""Men In Black"" Soundtrack"
2EBd9optBNJfQit0anTF8y,D'You Know What I Mean?
1yy2DlSDtEt90d54rPDPXz,I'll Be Missing You (feat. Faith Evans & 112) - Remastered
4PgPnzbAgjCQ2eA6YAWcUw,MMMBop - Single Version
5CNtRWCtAfWivjpjr8QdR2,I Wanna Be the Only One (feat. Bebe Winans)
43ri1ntzxjZgXh6KxQGDE1,You're Not Alone
687bTqKCkNj0jaziOlt73Z,Love Won't Wait (Radio Edit)
11lw4bWbmxWIETHitBU0Gc,Blood on the Dance Floor
1qCZWsYD9qDqEzFboaP83p,I Believe I Can Fly
79aXw36mMHUFjScs7HjxWQ,Block Rockin' Beats - Radio Edit
3dNv3OuX6ol9si6PZ9KSAh,Mama
5PsUB0ISfQxRLhF5DmI5Ks,Don't Speak
5N3me7GBB24a3vY5SwebrC,Discotheque
6TAWPydqd09uAF0is1mSnC,Ain't Nobody
0cXm3QqepHVzXKdm73sqkl,Beetlebum
4ACxa9buEUnOdYEoPcnMpi,Your Woman
5EzywbrUzjvLY3bmFdSLHo,Professional Widow - Armand Van Helden's Star Trunk Mix; Radio Edit
36AWdhZIGLUTkWpJDhe7va,2 Become 1
48BD0sso11KMP8nfDeH2E4,A Different Beat
0v69rTFGYMoo2O7uPdUHZr,I Feel You
5FCyoZGaN6nRod1oNDJIWZ,Breathe
3Q7chp6MMGq6ma5awyOtRP,What Becomes Of The Broken Hearted
1qXsLBY6TfX8xPVUBw36E7,Say You'll Be There
2zRTnkLPiXFs9HlSuWoTym,Words - Radio Edit
3Bjx94921MJ0DvjQQ9KVpK,Setting Sun
3GpdNg7Krt9vjc6tgDoKe1,Breakfast At Tiffany's
3vZO25GdYuqFrR1kzZADnp,Ready or Not
1TgLnCXoR5SoDWuua0iDuy,Flava
0617NHwA68qwVQeRq62ZMQ,Wannabe
5f7Fxt92gU2yl0NLIotiQZ,Forever Love
1MAqR81Tz28IIqMJ2KUDAO,Killing Me Softly With His Song
1b7kLkJkr6XRYgWqVmDm05,Three Lions
3WEdk4BoEaQCSpqEA3JKXM,Ooh Aah (Just A Little Bit) - Remastered
6SaeXxdt0Id6ZzmX0ZGTQK,"Fastlove, Pt. 1"
31yDEdRLNFnVbEJgz4139u,Return of the Mack
0QwzCPyTv6UnzjAhZZ0CkB,Firestarter
7pUARNBq1Puwna5LrAhosi,How Deep Is Your Love
3ixTiPABjqkBKPocxq6oIe,Don't Look Back In Anger
0uQcP7QVoLvaFsORsdrgNh,Spaceman
2SzCxX6M6vDwdEwnHDiTaY,Jesus to a Child
7KmIhiEcsLodh3nVMmY6V3,Earth Song
6fN03W77ahLl8N7LssQNZ7,I Believe
3u9fHuAtjMY1RW2mZfO4Cf,Gangsta's Paradise (feat. L.V.)
6hlsxc5ZwhWXy3XFTvCJWO,Fairground
1jqLJBQwo7yBCqYQWukLkq,Boombastic
3AoeaZs8dFemFJr3JdzOL0,You Are Not Alone
4vnYwFOZCVl0bmerWyuzRw,Country House
1WK7eLVsD0zH4UWm9ob3z6,Never Forget
2hprnT01P8klIrW9LoYVvn,Boom Boom Boom
2K5jusr34NfC6XA2ViXD8R,Unchained Melody
4UEuepgoHL2vslEHYOv76I,Dreamer - Radio Edit
6FBpIPlWYCQyXiJsmIDTOV,Some Might Say
24fQpRwKFkC3Fe8QtvvrNw,Back for Good - Radio Mix
59iinItceTkO05vu2Yf6kX,Don't Stop (Wiggle Wiggle) - OHB Radio Edit
2Fsasff8cl74llSmiXf3iK,Love Can Build a Bridge
5T0VoskNbpJIqm2RSPU2Xt,Think Twice
0Jg602cHeMCnPez9baacIe,Cotton Eye Joe
0QIgxEydF4mfYc9qraBzqT,Stay Another Day
1syJnAmuLhxg39YtYCgvFt,Let Me Be Your Fantasy - J Majik & Wickaman Remix
2dSREGATsajLMuc0QlUWN3,Let Me Be Your Fantasy
1MkcvwNhKiE5vyrw73xZtY,Baby Come Back
4IQzcVkBPMJJq1CL1dEMDw,Sure
31SDI3t7B112VriaGvxBXK,Saturday Night
1zdGSzFBBjrFBKftLesPeH,"Love Is All Around - From ""Four Weddings and a Funeral"" Original Motion Picture Soundtrack"
6xClzB1B9onAbMImcFo9sO,The Real Thing - Radio Edit
18Sj7E1NV7THCJjJ388rCr,Everything Changes
0in6oqBYRxhOUWNWHgy8ls,Doop - dooper than doop
1kMOJBmpfWD9fir6st9uqS,Without You
1Z044RdmytQDD8571vd4fl,Things Can Only Get Better
2XCI7vQB1pnGR3nuPtoejf,Twist And Shout
29auEdm15YHH38lfYOu3M6,Babe
4UrgDocbHywDZv2f3mBhCq,I'd Do Anything For Love (But I Won't Do That)
2PWCkofZwkcnwqWUm7B3jT,Relight My Fire (feat. Lulu) - UK Radio Version
6l2haiCg21JT5KS1j0gUoH,Boom! Shake the Room
2VvJgBu3yybNLZUxToyDzF,Mr. Vain
1ButeC6c3PuzA6tO6ag5Wr,Living On My Own - 2011 Remaster
3FrFMIROHVWrDjRUcQQ6hx,Pray
4rV3AYCf4BBBCkIpyLPwUP,Dreams
7ojJ4XvqBhBcteM0zjMebT,(I Can't Help) Falling In Love With You
12BbMJsJi65mxneq6c9Lm7,All That She Wants - Remastered
1kn8Jj0i9IwyO3yDgDyUSR,Somebody to Love
2Fvxd2pKVwCLRzedN4vak6,Young at Heart
6uufzRkA8oCsvnz2QSoJ4J,Oh Carolina
7pSJmBTlbA4S5zSLsj6Pzz,No Limit
4eHbdreAnSOrDDsFfc4Fpm,I Will Always Love You
62R1MRux3R0v2cngA2xdJn,Would I Lie To You?
6ITPK0Iw3OfdqSEWimISst,End Of The Road
3WSyYBhLZRLbQo2tJgFvSR,Sleeping Satellite
3GRdf7V0K5uJJ0mFbLWT1n,Ebeneezer Goode
0RVW7ifzZWqxfNWequ5CfJ,Rhythm Is A Dancer - 12'' Version
5qbrpQ5ac44s48PU1ouUVC,Ain't No Doubt
3GLi8jaibvLz0uRNMsGsz2,Lay All Your Love On Me
2SPNHwKYkcYFIjSRIVe1jS,Please Don't Go
5eEN39Y1JePQHkLEzOJePx,Deeply Dippy
7u44eEBhSbO7J5DWIApQIg,Stay
2TYcO8ZBV8oYGGjwRT9oBH,Goodnight Girl
1AhDOtG9vPSOmsWgNW0BEY,Bohemian Rhapsody - Remastered 2011
0q90594hk25yo0xZmBTqCd,Don't Let the Sun Go Down on Me
2Cy7QY8HPLk925AyNAt6OG,Black or White - Single Version
1gTq54mfSFufugNoWJib50,Dizzy
64g7TNisChwM2ReQaQt7HC,The Fly
76qB2ZEZlEJAMqMqUjKusp,(Everything I Do) I Do It For You
3uG7uzv1vTwEraO9Qi46pR,"Any Dream Will Do - From ""Joseph And The Amazing Technicolor Dreamcoat"""
07efOAoPwcRdd4W6gi8BRF,I Wanna Sex You Up
24hkkk7UZRHG84Jdawn4gw,The Shoop Shoop Song (It's In His Kiss)
2P6lURS2y0Hbks1hnHfm6G,The One and Only
39shmbIHICJ2Wxnk1fPSdz,Should I Stay or Should I Go - Remastered
3QqcE0U4RE3MQbmJfD1tsO,Do The Bartman
0BzhS74ByIVlyz8BedHaYi,Innuendo - Remastered 2011
57h06SZNL6LJ3YKZ1UGCeu,Sadeness
7MOUrVhjLiJ1YDmVYHrjaO,Bring Your Daughter...To The Slaughter - 1998 Remastered Version
0PIGLjA2QzRXYzLB1cTkgc,Saviour's Day
3XVozq1aeqsJwpXrEZrDJ9,Ice Ice Baby
2ACjOtICHXrAlP3ijVMSvb,Unchained Melody - Single Version
4IgbR45X6dDMfJTnvZ6bJz,A Little Time
0smsQNRjaMKjacESbRb3wZ,"Show Me Heaven - From ""Days Of Thunder"" Soundtrack"
371VkfwKiXJxgH5ZPoQNHD,The Joker
1JHtSwDALqU3PdPKiL9rUW,Itsy Bitsy Teeny Weeny Yellow Polka Dot Bikini
3dFAXD9FtN2gmoZToyoJl2,Turtle Power
7ygK0n2JkhFGMuSo6mOeZ9,Sacrifice
08po8QZK3tihnLBZWATAki,World in Motion
74pSkordOKmiu7DxRlT9j4,Killer
27QvYgBk0CHOVHthWnkuWt,Vogue
0xjYm51yCaVHNiY2Sww2pt,"The Power - 7"" Version"
2VsSnYZzq8mhAtdhwzYxXi,Dub Be Good To Me
05kSy2VRhCSWD7Kr0aUiNB,Nothing Compares 2 U
2NbUDftyUv4c3FcVH3J9pp,Tears On My Pillow
16flEBCtUF67V5yO0GxYWn,Hangin' Tough
5xxBIKTrXK6MDGfUJQAMC5,Let's Party
2BEL2ySEBDO02FLo3lOIZT,You Got It (The Right Stuff)
4oDE2kdP0JksBFuvMNZYyS,All Around the World - Remastered
5UmDpzngy9Km4ennDma7jq,That's What I Like
3pgainA2dH9c7e8JVYGRCN,Ride On Time
3Aimpqxpvmz7jhJlNnEd5c,Swing The Mood
14FEBzpNrarSwrDwIDrqHa,You'll Never Stop Me Loving You
5dbxGfSlHBWb8I4HMNa6Uf,Back To Life (However Do You Want Me)
0JuHwJyf9fTTU7wBHNLQYI,Sealed With A Kiss
59aWMB4ghEcjJa6LjH98bc,Ferry Cross the Mersey - Mono; 2002 Remaster
76v2ETX3Ze17TEWWIEglDg,Hand on Your Heart
5MoDQWMDMaAGDEiWsJfeCi,Eternal Flame
1z3ugFmUKoCzGsI6jdY4Ci,Like a Prayer
2AeelxeYAriGv9fHq1Fjsg,Too Many Broken Hearts
3fKDSSIgOngs8YYzFJO6eD,Belfast Child - Remastered 2002
68O1r5xQADu0JjvBibg9zN,Something's Gotten Hold of My Heart
3cx90OGCsdU6tg02JAQbAb,Especially for You
3AgiRs3oxc2dFh0CPUHXJs,Mistletoe and Wine
1hC742BlJVdDwl31JUGAqW,First Time
0Fyj9w0HVfjoxm9S8nGClt,Orinoco Flow
3S3dZXxNGghLtOqehzHtii,One Moment in Time
5OHNmFCzM6S52aIlkhg6JP,Desire
2ZFzLHljq8L33LetxXhCh9,He Ain't Heavy He's My Brother
5huh0htdiJDatAtbHLtpfz,A Groovy Kind Of Love
1PpPkovFpn1p2FvUk1iwzQ,The Only Way Is Up
2EnZ9bpgUtLgKkRFehp8xS,Nothing's Gonna Change My Love for You
74uRJVMLXLGaC8HSXW5VjM,I Owe You Nothing
1e388YJ0UlDpKQRZntkRoH,Doctorin' The Tardis
59rkqNxUUf3YbBMowKaJUU,With A Little Help From My Friends
3ZqGaV6I9FgRureoCBPzuF,Perfect
1ZT36B4fO2R7rBCGRb3XIM,Theme from S-Express
1g5sWjTKlKXFiIiw1BOHaj,Heart
6OJq6oyCcsJUg4fENeNJk4,Don't Turn Around
790ubVxlXH7JaBnXSZayk9,I Should Be so Lucky
2dO88mixgzqmgy56wFUVSY,I Think We're Alone Now
37Q5anxoGWYdRsyeXkkNoI,Heaven Is a Place on Earth
07ABETRdek3ACMpRPvQuaT,Always on My Mind
3U9B0ZcnVPisVh9wGOg6qL,China In Your Hand - Single Version
3G6LiloSWwbMN1zT3QvNsd,You Win Again
369JKykZZr1qzv9pg5zAhz,"Pump Up The Volume (7"")"
4uLU6hMCjMI75M1A2tKUQC,Never Gonna Give You Up
2fytePz8UsbUr8n33QBEcm,I Just Can't Stop Loving You - 2012 Remaster
0uMMLry3hzWGn3q3loqMkm,La Bamba - 45 Version
16cb7NuPz7j0BrQGXKo3zd,Who's That Girl
3GNwCZIv4xKUiyoaQfj9Ah,It's a Sin
18HpAFKulQo3RzTvNxaFIe,Star Trekkin' - Original Radio Version
2tUBqZG2AbRi7Q0BIrVrEj,I Wanna Dance with Somebody (Who Loves Me)
2vEQ9zBiwbAVXzS2SOxodY,Nothing's Gonna Stop Us Now
6r8k1vznHrzlEKYxL4dZEe,La Isla Bonita
70TwCkM4EQkKeeBJfISYo2,Respectable
645QszFL4uslPAikKAWsUy,Everything I Own
3SdTKo2uVsxFblQjpScoHy,Stand by Me
0f6pHbsLzpWxl5CfhOUjBA,I Knew You Were Waiting (For Me)
7soEUqLGRmCcse6xGCXz0G,Jack Your Body - Doorly Club Rub
533NW3XHuW3MjO4vLqY2iV,Reet Petite
58RdxKqvxh631GXrvTxJ2z,Caravan Of Love
3MrRksHupTVEQ7YbA0FsZK,The Final Countdown
1AAEWUVZpew24mP6nC1IU5,"Take My Breath Away - Love Theme from ""Top Gun"""
2u9hmCXkdLIU8oqvAEKSeC,Every Loser Wins
7azOuDeJGbxt5mvq3GQHXp,True Blue
26g8bCaVhcv0KkBi5SlEg7,Don't Leave Me This Way (with Sarah Jane Morris)
3sqbfkpzWpnJIFonQRRbo9,I Want To Wake Up With You
2qJNqOUnzLPl46bsRTJiKT,The Lady In Red
6A8OnjnpShshNpcqWtZRjr,Papa Don't Preach
5AhRNIjYPBleR1lfHphcrE,The Edge of Heaven
6GElvNcpLw9RSAov7lQeGm,Spirit in the Sky
1tDH02wIa3ysGiAe4qsLXL,Rock Me Amadeus - The Gold Mix
6khoye7kysa6cLGY0AO9dO,A Different Corner
1Mxt1Z09YpIhmJTTYiTMV7,Living Doll - 1996 Remaster
1it9umP1j9qSqzKbSLLqqy,Chain Reaction
5UU5FbITNm5OunvHQdsKME,"When the Going Gets Tough, The Tough Get Going"
0HoaLXRp7jJtdQFunUyUGc,The Sun Always Shines on T.V.
7FlwylpJSe3ea6m1IrkizS,West End Girls - 2001 Remaster
2kYR3SArZKAL3g2HT1VpLB,Merry Christmas Everyone
1lx8ddGT5wCD6W2xmLeRKG,Saving All My Love for You
1HMLSegDKkBMkMH5M8LnfK,I'm Your Man
4umQbcdBF3YVsNBvvnFLiX,A Good Heart
7EkFVRqmso1h8WjrUrlXIT,The Power of Love
1NX2Mm24mEAb3IZwGAMlyi,If I Was
6FnuMo55jNECTDdS1nD5H0,Dancing in the Street - 2002 Remaster
07itbZUgkAmBi4CEH5NniJ,I Got You Babe
2m0M7YqCy4lXfedh18qd8N,Into the Groove
2hbA72TFulrNGTEBUMAnzG,There Must Be an Angel (Playing with My Heart)
07YVxuEYhZEBiTusd7kmP5,Frankie
3WH1QqSOGIy1cSUvi4vcpA,19
0hXmK3JDrrEPaobPa9iqRb,Move Closer
3Z2tPWiNiIpg8UMMoowHIk,We Are The World
7INi4pMPG4IE0Smx5y4KVf,Easy Lover
0BB9eUBBaaX6GALSYNcEp7,You Spin Me Round (Like a Record)
2M3E9wbFtqdkSGkhfHikFh,I Know Him So Well
1JLn8RhQzHz3qDqsChcmBl,I Want to Know What Love Is - 1999 Remaster
1hvpDAxZPKjKztOc72sv06,Do They Know It's Christmas? - 1984 Version
6GRqgYr6fYjNZX9NWFU0f6,The Power Of Love
5ezuH6nUUH1k0FFlBkDc6V,I Should Have Known Better
5yR9u8QiOt8hJaddv32oo7,I Feel for You
2qTDfHgahG76N4AzFuvpOF,Freedom
4vcG516afIGUDk0461Xf4L,I Just Called To Say I Love You - Single Version
4jDmJ51x1o9NZB5Nxxc7gY,Careless Whisper
2KWQhZHxEjJQN4FgAyNGUn,Two Tribes
5XsMz0YfEaHZE0MTb1aujs,Wake Me Up Before You Go-Go
0OsWMTxDjtpmJjX43113oq,The Reflex
6HMvJcdw6qLsyV1b5x29sa,Hello
5mYtpXrZZ1bbGJYDGC8I0Y,99 Red Balloons
0BO8JWQOt3t2dNSoklA03Z,Relax
1UgJNySYfymlgNbEHvpmEp,Pipes Of Peace
0EeDPVBAABqEQQOhxpRyPN,Only You
3CSpzkoL1XgDBZ1q9aDCUV,Uptown Girl
48O0GrGJWml3DzHhC5sJ7a,Karma Chameleon
1tOE1dIyIjsfLJWiQ4ZRJW,Red Red Wine
7sm3orGGwNFqmWFSPRl8eT,Give It Up
04N18CfIbOJPnVLGOKgJNB,Wherever I Lay My Hat (That's My Home)
2wPycOabj69Q2qMYWuU4P4,Baby Jane
16fzReMJmcLlBccnZCTZNS,Every Breath You Take
3aHqs6SCMoNQ1GtPCG6mwP,Candy Girl
0CsM8VGDi38kusMv3pxyj1,TRUE - Single Edit
0F0MA0ns8oXwGw66B2BSXm,Let's Dance - 1999 Remaster
5T1BNU3PIoDzP1FXtkGrOV,Is There Something I Should Know
5p34sF7EskpzTuW3RGy9fs,Total Eclipse of the Heart
5ChkMS8OtdzJeqyybCc9R5,Billie Jean
5QMUqK8bXNyozqiMYRO5Hu,Too Shy
46RVKt5Edm1zl0rXhPJZxz,Down Under
4YwbSZaYeYja8Umyt222Qf,You Can't Hurry Love - 2016 Remaster
4N5cRaRJmHpJhkWvA9UyED,Save Your Love
1YxspRfIq3byL8qUqkGNZN,Beat Surrender
1I6q6nwNjNgik1Qe8Oi0Y7,Do You Really Want To Hurt Me
3aJnK1bZj6e7ysHO4P68qk,Pass The Dutchie
2KH16WveTQWT6KOG9Rg6e2,Eye of the Tiger
5uzNa0SBGOe5pPnstWHMCt,Come On Eileen
7yBl8YmvcgwwYlazJcvowE,Fame
4cmyRrpJpfIrcI1WksUvcR,Happy Talk
6zzkMGtZhYXxhUO8fGuAoo,I've Never Been To Me
4gic8wdcwH3kPjfHAPITLK,Goody Two Shoes
5K16Je2j1RTFrh7VqjEPcl,House Of Fun
3H7QXM59ubkX9yyKD1fEwK,Ebony And Ivory
0HwsZLej4yYMFOhjdJUACe,My Camera Never Lies
3IKjeWlg10MpnnzIlyaWEp,Seven Tears
4a1LrDJEeWo1dbBhXCbHqG,The Lion Sleeps Tonight
1KP1j8sCQADCc8eXrtAUP6,A Town Called Malice
1FL9DHDSED6lxNMDJUJQvB,The Model - 2009 Remastered Version
7kMGj4v3CAH026A4JImfhV,Oh Julie - Remastered Single Version
25cdz5ZmzsjTRPHS1JrAZL,The Land of Make Believe
5lmYpa6EaVAKAlwxMf7q5c,Don't You Want Me - 2002 - Remaster
3vSGGtjD7JLA9Q6I36sGve,Begin the Beguine (Volver a Empezar)
5oidljiMjeJTWUGZ4TfFea,Under Pressure
60HDLY1Dh2Hy9wTVI3WPzO,Every Little Thing She Does Is Magic - Remastered 2003
6kNCp2iYikDNptGzxfjYk1,Prince Charming
3HnqpxXpizCRADKCU78cLk,Tainted Love
4VmmNHz5nigftA0B3GR0M5,Japanese Boy
4W2KGqME29dBHdKxOeC6iJ,Green Door
1RljBZBY72HYDW3NV5Srlq,Ghost Town
77fMGCDb1e3KEd060YEpyS,One Day In Your Life
17mbqOI5bHdmoAJkCcfpE7,Being With You - Single Version
5niJaBcWtydYNTqIQofOeJ,Stand and Deliver
0Azn2vpP3Sbs8qAG8e1KUc,Making Your Mind Up
6A7Y3xy2JbIsdW5rM4Yn8M,This Ole House
5vrKEX1dsW34A2gQW80WBn,Jealous Guy
7fgS7jlaRkpbUVYCe2Mt7i,Shaddap You Face
0GGxVTb0UwDwdaKNjBdCn3,Woman
7pKfPomDEeI4TPT6EOYjn9,Imagine - Remastered
5y0YreEOnQiKFAnCrcFIXz,(Just Like) Starting Over
7AMnWNkwYPxaVDgkwmEEKj,Super Trouper
4Wljbzc4Zg0Vxv4QAM3tYB,The Tide Is High - Edit
2m5xo4HEFHgOQpqqrxCS5u,Woman In Love
11D6qKfTcfrSnZyuw3D6ud,Don't Stand So Close To Me - Remastered 2003
4x5zpcrFwVnFl7GLqgo2nc,Feels Like I'm In Love
5C8TU0Ke2gnuVgLqRWKa1a,Start!
1JHUxxd77M4ViaqJZfBdl0,Ashes to Ashes
5kBZR12AntJUTo9UeAsKqP,The Winner Takes It All
5Vs0jtRmnbJikhUAZzOREi,"Use It Up and Wear It Out - 12"" Single Edit"
0cXFXgFns7sIMmTpqyGRmD,Xanadu
3oL9W9aHlMfCyd1dEBh87L,Crying
1FQOYThE7foLUwf7rwcFdw,M.A.S.H. Theme
51hipIpHYmj2Qh2tyQ32h6,What's Another Year
0g0Jhy5DTdUXEpLUqX7wdR,Geno
0vLwL4xuJ3s7SeaCdvMqkY,Call Me
13iC8azNHdEcJ2X62rlVdp,"Working My Way Back to You / Forgive Me, Girl - Remastered Single Version"
2rs0JKFm7CjovNlfYI62cv,Going Underground
0cwSMKcMnblnIhPBY3OPet,Together We Are Beautiful
6eOHOpNXzYUx79NDB4dMRd,Atomic - Remastered
16WtiQMxCjXlQc0hlbJbIQ,Coward Of The County
7sdvkoCuDGMTvUeqRDqfft,Too Much Too Young
6YrHQ3Uv9YXK2gJNVTlT8P,Brass in Pocket
7pmNNEJcBcODkrPHEIf7Cy,Another Brick In The Wall - 2001 Remastered Version
275KAjHjZOtnTVWZ2Kcr7k,Walking On The Moon
5hZEoJNMf6VGaKQ177GQKv,When You're In Love With A Beautiful Woman
0ZBQLbGFhzcRI0WbJcirHw,One Day At a Time
7o7E1nrHWncYY7PY94gCiX,Video Killed The Radio Star
0LhILIVhWTJz6eEsbEreZG,Message In A Bottle
6HZ67VImxqr8aMBEEhblzf,Cars
173fVXmsh0p7kPwpL6DjFK,We Don't Talk Anymore
78lJEojkdaVbQRkFOTNMKG,I Don't Like Mondays
4YMjssjl6JWPF4ZIcvcwkg,Are 'Friends' Electric?
1X4gWy941yRMvafHs4n2sQ,Ring My Bell
23yv078f5kc08Kj6DMpO0t,Sunday Girl
1RXM7Awgwz553cosE3vJsu,Bright Eyes
7wNYqliW0LVNT3B25gGXtw,I Will Survive - Single Version
1AOmpykwJdf2NOkxwZFIjP,Tragedy
0a4agFmqHXxcZl1nho1BxM,Heart Of Glass - Special Mix
4txFRJmpBJCRfDIAc30yTB,Hit Me With Your Rhythm Stick
54OR1VDpfkBuOY5zZjhZAY,YMCA - Original Version 1978
6YnzBV7YkaXZNCK3tlnCfg,Mary's Boy Child / Oh My Lord
4z7maGZkAonDlXlwo8q69f,Da Ya Think I'm Sexy?
7e5gTZeEefXjDJSHnKhXLf,Rat Trap
3ZUnWtjUa1UAx4pUtYTSnV,Summer Nights - From “Grease” Soundtrack
5AW06u82yN9agtQlINqny5,Dreadlock Holiday
4kaBnHk9bo1x9NlxU4Q2hG,Three Times A Lady - Single Version
1pj3RzpA5AoXkZln0NockI,"You're The One That I Want - From ""Grease"" Original Motion Picture Soundtrack"
51VSKyT8XfhAscvagBB4bn,Rivers of Babylon - Single Version
66wpCqkkM6MrxXSbfgmsrh,Night Fever - 2007 Remastered Version Saturday Night Fever
5d9bpvfbdmqH3sabwCo7w4,Matchstalk Men & Matchstalk Cats & Dogs
5YSI1311X8t31PBjkBG4CZ,Wuthering Heights
4bykJp7dORR4GoLCZiQbU0,Take A Chance On Me
3NrTW2wYqmOprTg16Up4Sd,Figaro
7iprlNB3l6YHsNO25eLzSs,Up Town Top Ranking
61QPFSEa9HvWD9Qc1v2OVW,Mull Of Kintyre
33Q6ldVXuJyQmqs8BmAa0k,The Name Of The Game
5wQVLZ01qf2B63Sz9cAAKu,"Yes Sir, I Can Boogie"
0aOkjSqYLGDljwtUNvAnoS,Silver Lady
17QjqiIIp426wr31ogre8a,Way Down
0i38ukkDaXt4bCP0osIbz0,Float On
7EqyXcz20xtAlCJwV3EYBa,Angelo
6efRrfjV1YW1rtecLUHoP1,I Feel Love
1tMi57U5Nkk6qRZSNwbzQr,So You Win Again
5CEZrGdqn756EGDfeUBQ5O,Show You the Way to Go
7aKFdRqZ0MGolcpIVZ6okJ,Lucille
6OPi0rUWmRWJhe1BjeOlJb,I Don't Want to Talk About It - 1989 Version
7Kwa03KjnP6UtKJLQorNmM,Free
6lKHJ5df6jPEZjSntVw6zP,"Knowing Me, Knowing You"
4QxQSsPRUqUkJSZZKIXhGi,Chanson D'Amour
2EmS1b64xEjUdvDcLE1AuX,When I Need You
4FixaPTOnRWWEfA1BDk00n,"Don't Cry For Me Argentina - From ""Evita"""
23IWhAK0cYRwnBT5EE8i3u,Don't give up on us
4zx3kgMnS4oLNC3npPv4MM,When a Child Is Born
1aRrtgXk4SLrhSmoyaNhbQ,Under The Moon Of Love
0KMGxYKeUzK9wc5DZCt3HT,If You Leave Me Now
0yvnlTzN6u4V6GzYmp8RTp,Mississippi
01iyCAUm8EvOFqVWYJ3dVX,Dancing Queen
5nPdMALTEd7HOjn16oNf2X,Don't Go Breaking My Heart
65YPnCcgq9Suo68CKtiHCi,Forever And Ever
7MjZ1zJatHDSEfH7CSvptX,You to Me Are Everything
7Jt2a7x7c1Mgm8Y5NQPCqp,Combine Harvester
6D0GyCdYVBX1Y8Vo02Im0z,No Charge
18DfvGCMjtxuI8YaX2WjCC,Fernando
7L4MXuj6RQqfedzWhEFrle,Save Your Kisses For Me
5jWI1xNxABzDRFTnD2yp8L,I Love to Love
7ePFDzrnLt3Ynqgy2UFWri,"December, 1963 (Oh What a Night!)"
0qVQIuDkWz6lNCqMQC0b2W,Forever And Ever
6UIwfaQh9RP2anZ5OMQPfX,Mamma Mia
5wSXPGYKMycWJQE2b0UFEH,Bohemian Rhapsody - Remastered 2011
72Z17vmmeQKAg8bptWvpVG,Space Oddity - 2015 Remaster
6el0yAnVeBb8u3sckYk7K2,I Only Have Eyes for You
2aa37jRL4DRFvDs8og3uun,Hold Me Close
2krjNGN2eoPy3cfJLtdZMV,Sailing - 2008 Remaster
1YFw7oVWhlhS7Dfxn7L5yw,Can't Give You Anything (But My Love)
5Z2UaAzUZGkDAh2wsIm5dv,Barbados
0MbXAjR27PBwlUuKwK3xFv,Give a Little Love
43UvRcDEV8kWHUwR5Y1tou,Tears On My Pillow
2svobYIWHnfU0VBPLeQP7r,I'm Not In Love
25TwSzCQuyeBJsOzkEj0kd,Whispering Grass
2Cb2l4UoXynCHCeCYHRZN8,Stand By Your Man
7j6DWlbkWO8GfXdMIVivrI,Oh Boy
4nueWRW1yDz6P30pHUg9GC,Bye Bye Baby
4uNT0flZ6k8iUi1g5NPY3h,Make Me Smile (Come Up And See Me)
6s2xegigdjUzFLP7XpMnkg,January
1LPCESFhMbgMaQjRG5dm9P,Ms. Grace
5vVZaiK2mIL9WE1GWikOE6,Down Down
6ka53p5HloApRQ2ptSpuGB,Lonely This Christmas
0jIA3DQGOF7rY6Z0py3XOw,"You're The First, The Last, My Everything"
2WmiXaTaSgBj4oKWyVvqvq,Gonna Make You a Star
3yGdLMObhf3IbmzfLohAAh,Everything I Own
0gpJz9slkaVr4j2TpGf1AU,Sad Sweet Dreamer
5qxFudz7A6PGptviHsz4Yd,Annie's Song
2mXbqtqKuOX9pyyUga7UZ1,Kung Fu Fighting
1uR6ubiQLlkWfOPfru9Grw,Love Me For A Reason
2k3b3uzuEQJLmSV9BlSZTM,When Will I See You Again
1lmfsSEuxU4PpT739Kihno,Rock Your Baby
2OxkfL5jW8bvYTCNDLlRSY,She - Tous les visages de l’amour
2gNFeZ2nzHwn9OXD57M4Yz,Always Yours
4FcSBfNdGFh7Xc7nSLxELM,The Streak
1WZ7nC1GSk8rCF3X4cRiOv,Sugar Baby Love
1CsuK5dlnWAkWhffeteqH3,Waterloo
6AhUX0ObPgTnS5GGFrRidN,Seasons in the Sun
6N5cYWSXeFdZR0wxbyHewQ,"Billy, Don't Be A Hero"
1BnOIz8JkeXvZSyZZ10fJb,Jealous Mind
7BntVsILxNdcR8Lw7tNUub,Devil Gate Drive
3jDNListAzNuR5DNpbjXoA,Tiger Feet
1BA0MghfqYK3GzMfzRRHJ0,You Won't Find Another Fool Like Me
5JUXAJ6cqX9wmPB0smNci8,Merry Xmas Everybody
54MwNBFEfGbMhhLLIc6HQ7,I Love You Love Me Love
1zbzno7Mlyk0cMpERsXMui,Daydreamer
3BODA0kiYmjd4yX6LM59cn,Angel Fingers
43y0EfGVAvxtwhLiBIAMaK,Young Love
5nAljsLDD9qFm4Sncrkunn,I'm the Leader of the Gang (I Am)
7wZWDNOH1rVgyfZIDutBTB,Welcome Home
1QQgSUKCG8GakzMOwi4lFS,Rubber Bullets
5Bt89ebyejqvEZ66u0feIv,Can The Can
5Vu1hL7eR2zjEJRyFYKja4,See My Baby Jive
12UzVR0M7asW2MHAZRJk0I,Tie a Yellow Ribbon Round the Ole Oak Tree (feat. Tony Orlando) - Digitally Remastered 1998
2xjbNUUqZaXZybwAlQaqSI,Get Down
1PauV6sTDfVUo7QuWMjv4p,The Twelfth Of Never
2p3KKkfBDsUddb4KwXZO59,Cum On Feel The Noize
6lImDMS6vAMyRRifk7Fabg,Blockbuster
3W3YFrguAWe4dHpC3uKHel,Long Haired Lover From Liverpool
0Ec1tJGuYnVIKmTIEnuf2A,My Ding-A-Ling - Live
0JInbW8UiGiYH1rJuOr9jA,Clair
7y5tT3P46jtv4Xx8hGENn4,Mouldy Old Dough
1DTKzX4Ed66xxuDb2nFv81,How Can I Be Sure
5RT3NI7RdnJw4fVAeHUmCs,Mama Weer All Crazee Now
7mzvbidIxAS6aRsdSawznI,You Wear It Well
5Z8EDau8uNcP1E8JvmfkZe,School's Out
26lbB9AJCkDDgnc8gThUIf,Puppy Love
1QOjPpGoGfzUUjD87ltJzs,Vincent
0HoMdjB1XwwMlyPfTV7DEj,Metal Guru
7mtZ5qhU4nhKea01O3Bqyg,Amazing Grace
0oP3nUUVDovK0MKGj7Hwzj,Without You
0jyAzFiSjx7S0t2YEyBrzX,Son Of My Father
58zvkTcVYecJvk5fl44PyV,Telegram Sam
1KV4WzDP0KFBh2ps7CR3sE,I'd Like To Teach The World To Sing
5VqlXuFTkOx5OouaqsLyLw,Ernie (The Fastest Milkman in the West)
6j5WZXpelDHjnCvgxTXrcW,Reason To Believe
07Qzyper1ZFMXFMRbYfgnQ,Hey Girl Don't Bother Me - Mono Version
3GptjqjQIU9n7itkDNprLZ,I'm Still Waiting
5nbNdS5SKdpiDZjCBh8W7b,Get It On
703RBHUEEi5c4o4YUXAM9Q,Chirpy Chirpy Cheep Cheep
6JCppIVv3nNWdOpmWIZydF,Knock Three Times
23XYtrrx3Wd0gOGMOlXVRg,Double Barrel
1FvG5AZm68WSFQj3fJywoy,Hot Love - A Side
3pqNUdf5uziHuSg2eNngOW,Baby Jump
1chu8wc9zbNqTQ2ahROys1,My Sweet Lord
021ZiadcsPt1lOY55OeqFJ,Grandad
4jrEJvfSn7kJcZR4oD7VGo,I Hear You Knocking
0auKlivXpm76wR63mMJ3pR,Voodoo Chile
3RMks55MQuoQiR6uqPHaW4,Woodstock
24GBNWw5fZBbxC9QLB3nDk,Band of Gold
5cHoKMNwYETeEnVf1KoyoH,The Tears Of A Clown
1kvbxvZzSSWGaHGBY7r7C1,The Wonder of You - Live
4OT4AvPAq1o0rscVNdC20X,In the Summertime
5s2b6aZj3xTzBQ1G4Q3W3g,Yellow River
2pCOtJAGY2wgfwxw4QEKNA,Back Home
0Y2SrByf4G3kbq2nBEHQRn,Spirit in the Sky
2kwAhlh7BDsJkES19zaYqs,All Kinds Of Everything
6l8EbYRtQMgKOyc1gcDHF9,Bridge Over Troubled Water
7iZfg9nHKc44UYgj9V5Rih,Wand'rin' Star
6hFAaTvtzYDkng1T5K4XLB,Love Grows (Where My Rosemary Goes)
1st6DXIzDykpxGRcU0aO8a,Two Little Boys
3iSws76HjaU7k49EqJVTfF,"Sugar, Sugar"
2pBwAFqDVX3jE12IRm07pf,Je t'aime moi non plus
6NxsCnLeLd8Ai1TrgGxzIx,Bad Moon Rising
3I6dXESwG7xTDQt7jrOvmm,In The Year 2525 (Exordium & Terminus)
2EwgD1UMPEiLcH3rCVIwPk,Honky Tonk Women
1V6NsADmSSEsb8zpGZMdup,Something In The Air
69zeDbyVmHDSH4GKZD1fv5,The Ballad Of John And Yoko - Remastered 2015
3ZmZDEwn90n7QkFpSFAznC,Dizzy
4ajbplh2IXiJkXjQiq5aqq,Get Back - Remastered 2015
6B1mi7lMKxdSuD40kxAIs9,Israelites
27m1soUndRthrAA1ediOXn,I Heard It Through The Grapevine
6YDdaGHl2CgC1Jn5tKqrn7,Where Do You Go To (My Lovely)
69jkdqA5M5xuMnrVuqZdAr,(If Paradise Is) Half As Nice - Stereo
4Zd4dLxjyvUM4n942ik5fj,Blackberry Way
5eGDyS2RLBpkpgh2sR85lv,Albatross
4x0szrLoPdaFSry7UCOFCG,"Ob-La -Di, Ob-La-Da - Original recording"
3m99DSaC5Vh8Fvvm7HiSMp,Lily the Pink
5c3SBfvWYFtf5FQiNkg6FV,"The Good, The Bad and The Ugly"
4pU7ed71DOZozQrBQzqkdw,With A Little Help From My Friends
6NmdCdQGOBVxVLIIJdPw3z,Those Were the Days - Official 1977 Rerecording
3H7sv3Krffn15BufUuXzf3,Hey Jude - Remastered 2015
0WsdlsuYrldZl32PvRGrkt,I've Gotta Get A Message To You - Mono Single Version
0vhCcrN8ULryq1KuEEYlm2,Do It Again - Remastered 2001
3Md57Z53QPr1KfdF6eCqdI,Fire
5GK4GZHkXeCAHx4MVPpuo6,Mony Mony
5QjyqviMxtyw5t9pPKxQWu,I Pretend
1WQesdW1KcJML5TWna3FoU,Baby Come Back
269rUyj7DapVabdn6Fuz2M,Jumpin' Jack Flash
3F64pIPqvcujnwvcVLVZ64,Young Girl
6Z5XZ8fjmWGbkdahOgreVe,What A Wonderful World
1ZfbMOw5VSh5Qqr8hgLCkJ,Congratulations
3yf4uaeB2ibXSIPbfUYC2k,Lady Madonna - Remastered 2015
2zI0nIQnHRAuweAvqI3iWl,The Legend Of Xanadu
0XOYh266PYgM8mlf4kSs5L,Cinderella Rockefella
48CvUkFKs27QRQqocgzJfR,Mighty Quinn
40XXjm2pU6LGZkLq5VmkaQ,Everlasting Love
1C2K7ouw8OYXVThAnSXID9,The Ballad of Bonnie & Clyde
0wFW5NQJdNDJPcZyfYSExx,"Hello, Goodbye - Remastered 2015"
1TJUUKUydoQuXIukGnRLs6,Let the Heartaches Begin
3QU7LEmu0j98vtsZfRk22n,Baby Now That I've Found You
1CI3aF3LilyFFAhyRXaUOK,Massachussetts
1mBPlknQe00PCd7R9g34ix,Massachusetts (2008 Remastered LP Version)
2YlaV3Lkug4fGcvjSukbey,The Last Waltz
6vcNJUWtUPB0hKC6VbZriY,San Francisco (Be Sure to Wear Flowers in Your Hair) - Single Version
56rXurvdpjoSIVggfd5ANS,All You Need Is Love - Remastered 2015
3qitymULqEibr7yknRMKU4,A Whiter Shade Of Pale
4DZSA2vPFWwyuxVqQ6wLEa,Silence Is Golden
4mCtyfgMVY6yYlqtX3ekLm,Puppet On A String
3cVWNLd0uEHkc2tnBoE3Ay,Somethin' Stupid
2ReeMcseDkXKSIScbAugyI,Release Me
1PiK6yFyFD9SeZ3NkYoVU4,This Is My Song
1CSLeVCXmetBh8IkTPMFdL,I'm a Believer
6cfC1EYkS8JkwQ9y4CcZEH,Green Green Grass Of Home
5t9KYe0Fhd5cW6UYT4qP8f,Good Vibrations - Remastered
3zA42VIIrkVc2OkgUENTa5,"Reach Out, I'll Be There"
78JlD9PKDckLNq0ouu0DZM,Distant Drums
30ewIJhZmbu71aBqfiZ0tQ,All Or Nothing
0Dk6z7iOJzFYywJvxjNltW,Yellow Submarine - Remastered
26RTO9YFd1sSjzQrfmhG5J,With A Girl Like You
4PKwry8fXxnbAwrubGzjGJ,Out of Time
53quKXa7znupyBxHuA9JJ2,Getaway
5KwbWPmwnOoXNqdMhh2S3m,Sunny Afternoon
4VFYrwy5mEuZeBywCplc2j,Paperback Writer - Remastered 2015
6M0KLbfIinP9ZVmZbQuOGA,Strangers In The Night
78Az0Z1vNJgqv9QSB0ULLV,Paint It Black
2qrqNaLIKfvr5mkDWN2O1w,Pretty Flamingo - 1997 Remastered Version
73HDhawpwfPF7EzyEyPtH8,You Don't Have To Say You Love Me
75roujvnO9zHkjVcInTXdc,Somebody Help Me
0kjHqwh7g27lCCV9If2nEY,The Sun Ain't Gonna Shine Anymore - Stereo Version
2nwCO1PqpvyoFIvq3Vrj8N,These Boots Are Made For Walkin'
6KyGW2uTnDP4qxzuxS0s1k,Michelle
6ftH8Mtm6seGGTA8e4jooj,Keep On Running - Mono Version
0vXGSlE4ft3n5JHZMHHSIj,Day Tripper - Remastered 2015
0wIeP8XM4ixInQCusJDe3V,The Carnival Is Over
2qTgW3UqBfDr1WU7IvjGBg,Get Off Of My Cloud
1bwI3LXO4YsM68F4ZddeGE,Tears
4NhFqirjszwBSFdOG7swnf,Make It Easy On Yourself
0JX84Ylol2NjRGXKPnmxJD,(I Can't Get No) Satisfaction - Mono Version / Remastered 2002
2SWBfqj1FrS8t8z56G55rP,I Got You Babe
1dfuJYDSIc41cw5RPsaCF1,Help! - Remastered 2015
2HCaIYjkvWSZzaSKUoOh3d,Mr. Tambourine Man
02r502pzbZQVlyfxqCQlTA,I'm Alive
1Vzr9AOdHw65UHoK1Vuxls,Crying In the Chapel
6ULmJMtCphF0rqUykVX3OC,Long Live Love
5p6hpTUPz54P0IBOfgvS0G,Where Are You Now (My Love) - [1965 Recording]
3ddVMNawf9ti6vqFeZ6rQi,King Of The Road
6pkjW5srxjzRSKKMrl7et8,Ticket To Ride - Remastered 2015
4xxYbkl51ckZoZOxHqkdyO,The Minute You're Gone
6HVqfeID7hG2vx36HFlLZC,Concrete and Clay
3qmCgBccHyC7e3IBvS9byq,The Last Time - Remastered 2002
59sBlqdt1TdajPB2c1hyjn,It's Not Unusual
6Ln9F9lZNMgV5Ht87z9Bd0,I'll Never Find Another You
2aKl48hbHKFBbuzUJK01z4,Tired of Waiting For You - BBC
3no0tiiQldD3LnsxwVtnnk,You've Lost That Lovin' Feelin' - Single Version
3nAR0OHKtbJx4HQ0BB2jdQ,Go Now
6DDYnharbFp11nXCfC14Lu,"Yeh, Yeh"
0Gm34HBxrXlaAf1jdJMjx2,I Feel Fine - Remastered 2015
4uUBLQQIgIBukx5nhzUyCi,Little Red Rooster
1pnDaLnbZARA5gXfDncDGb,Baby Love - Mono
2DdfjlPuKoZAzeyQz2iieP,(There's) Always Something There to Remind Me
52HAHV1j93s5B8GoTNI7DJ,"Oh, Pretty Woman"
5tYLgBIbx3YVde84rRPNE9,I'm into Something Good - 2008 Remaster
4D0BiMiLN6z2x7Tq9BcqoT,You Really Got Me
1JlSSoGv2cQgrkp7qyYfT5,Have I the Right
5kWobkGc1McvhM4LzWyJO3,Do Wah Diddy Diddy - 1997 Remastered Version
0mNQUZEATk2uItMUtiLWK5,A Hard Day's Night - Remastered 2015
3nPoZHXXeqNwjcRv0aTegm,It's All Over Now - Remastered 2002
3XC7Jd6SfrQYKZJ6inyRHK,The House of the Rising Sun
0a4jcrnAjE7BcOo6B0hdRV,It's Over
2hWfpElGMOzQavDEgVbtLz,You're My World - 2003 Remaster
621GaKZFlpQYRQJs9UJYPx,Juliet
7yTU3NBPZdK3Ec82WT0tJU,Don't Throw Your Love Away
1A0j6qANKHgk7VZ6uvYO06,A World Without Love
7pQAq14Z73YUFMtxCyt0bG,Can't Buy Me Love - Remastered 2015
3uSVoyGmhCVD9rFDFGipw0,Little Children
4D1cRrONF1s3ipURLRtMuF,Anyone Who Had a Heart
6Sk5ZoLGsROy4sTD27WqlX,Diane
6gsALDO9m01enxG0Dan3xJ,Needles And Pins
4DRBaZ760gyk7LWnaJFqsJ,I Want To Hold Your Hand - Remastered 2015
6catF1lDhNTjjGa2GxRQNN,You'll Never Walk Alone - Mono; 2002 Remaster
6IfBKWoAJREltAQGetzoYy,Do You Love Me?
2Fk411Ix3qnMG8t8Qa74ZX,She Loves You - Mono / Remastered
75KiudY5ceRXovkrRJEOfy,Bad to Me
3dJOeDZEjrHaOgzV6iHeYb,Sweets for My Sweet
0D1pEisM3QkiacGXJe5dmd,(You're The) Devil in Disguise
5r9g3YAUxOSjx4pxQ6PQRG,Confessin' (That I Love You)
7HMeul83qsxs8oK1Q5vRaG,I Like It (Main)
2Q2Gu7Bv8iLenuygtBgDUw,From Me To You - Mono / Remastered
7LfvdUcwrrMKVh8WPGXnbA,How Do You Do It? - Mono
2QgfkgtoI5ZwqbYuYodeZ4,Foot Tapper - 2003 Remaster
1K9yTBoGrKUEt8j5LCI37T,Summer Holiday
1LuoNB0x1XGPaByCgNHuAD,The Wayward Wind
2BdxL4NJQlZXwlucGbfyNh,Diamonds
4qk81uYbwpdchiiqB5OeBx,Dance On
36HEsLQfWK8B32FkM3jkI9,The Next Time
2cdzutoqFK6sfW6exi7oXh,Return to Sender
2PWQbNVjTfZMk9KwY8cpxy,Lovesick Blues
4eQEQFDsPEMeyComKzs8jG,Telstar
5awWGb1zCAD4FNeMu640c9,She's Not You
27SNC8a8Ezck0mooKgmmHn,I Remember You
2FTCUHcXNicisIq19seZ2b,I Can't Stop Loving You
6fYmt574kw0300R3TKNLnj,Come Outside
2OIcW571tRkQn97WevCm5q,Good Luck Charm
4x2cw2cVCBBxYiUOf415pz,Nut Rocker
65WZdRnOStyKDVLm9yphEt,Wonderful Land
65ndJdPZmiV8egz8h3kPuf,Rock-A-Hula Baby
5ZTUQP9fvqH4M1M48qBT7A,The Young Ones
57vuDprvxEFJttsZ8EfwDC,Moon River
3umMuFAttDElTv8NSaFobL,Tower Of Strength
4qbLOU1T7xgTH87eUSkvJ1,(Marie's The Name) His Latest Flame
4JiNnZnuGvnmNDf4c9zYf9,Walkin' Back to Happiness
4HfQNirpuR8uT3W7NrPNnV,Michael
23BXRk0UgkLWM866hl0hbc,Kon Tiki
3faYMQF7OikVQEyedcz9Jq,Reach for the Stars
3F468tV09AFRogI3BI4jcO,Johnny Remember Me
7whWyCFOIKTCDmwx3wtLGo,You Don't Know
7kL9mssEccpO8sVmVWONQK,"Well, I Ask You"
0jjPYKq66QDiu9Ydl3Gumq,Temptation
0uxu2GzsOMGNZ7C1ul84Mf,Runaway
5Qkixf9OjJp5a4XphaONKO,Surrender
1w1mIkARzun0p8UJbDuCw1,You're Driving Me Crazy
4QjrLPqpSYSlLV6mqELvVg,On the Rebound
2CghtwfbA6zkqfxRlSsSJG,Blue Moon
5QWQ9ChSbNDTSx1iZp961C,Wooden Heart
3NUXLtK8UGdD8TvZ12b4dD,Walk Right Back
4EjYLhvNcKQlIRcbwkJjVW,Sailor
6vXZs9rEQF7Nd6O8Ue7NrT,Are You Lonesome Tonight
5noCUMzxbJIEBBcMFr2rpy,Poetry In Motion
3ynUhytwnKVZ4wpP981UCt,I Love You - 2000 Remaster
35iHCJkvKHqUnZ0E2eeF5d,It's Now or Never
0PkBTqRtN25z3oKasWoKlj,Only the Lonely
2miOQLCDje9dYWoC372M9u,Tell Laura I Love Her
1aAxg5rWVFy6p94IWzO9pN,Apache
6gVonza2jBVEuQPRRR7N1b,Shakin' All Over
09OT7VIMwQ2FRmhBNtPuw0,Please Don't Tease
1ddJDFNYRPrhrd1G29SJYl,Good Timin'
6jNOhwRGhzU7hAUY6A61X2,Three Steps To Heaven
1MA9StLzlFftLbuqOmoWij,Cathy's Clown
6wqWHQHivICVciOa8NbbJ4,Do You Mind?
3UKUtkKDCRWgF88VpUU0n6,My Old Man's a Dustman
1RYznli2VNO7FCbW1Hq4KM,Running Bear
0fGo3c5nlQN3fPkN68CNZp,Poor Me
7y8WEd5S5CtMKuDYBfhWEC,Why
1pqf8VPZXpZNKWBlCRnH7m,Starry Eyed
2Pd7nI81XFF9hTuKppK5h3,What Do You Want to Make Those Eyes at Me For ?
3JIxjvbbDrA9ztYlNcp3yL,What Do You Want
3Sm5rf6XkURWcAFYd5p9NG,Travellin' Light
0YTgZJfVLmJ0b8XAMZKRKg,Mack the Knife
69nsREo5gLCm4ylCUvqTDk,Here Comes Summer
4N7IbIcNpD48oHO96VEILH,Only Sixteen
7qnIMQOU9hUA2VBlvdQu25,Living Doll - feat. Hank Marvin
1KLpjQFgubHI3GkAICCNH3,Dream Lover
0S7Bk54V1SavoNHDYNyOmn,Roulette
2TGiDvXSDPCcBTfaMtmsRc,(Now and Then There's) A Fool Such as I
5NOmAqvX7qdkbnfzmymjkZ,It Doesn't Matter Anymore - Single Version / Mono Version
1YKBoZoN32vnVl4IdOSBXT,Side Saddle
307XEC1IUwUs9ojlEFwH7f,Smoke Gets In Your Eyes
30q1xFifjBSgkDQ2ptYCwG,As I Love You - 2000 Remastered Version
0IDFXLMABcj61OKI3L05A0,I Got Stung
6q41RgbgmAndoSPdZ9WfL1,The Day The Rains Came
2FPHyyvfLMIV8GkUWWwYl5,It's Only Make Believe
5u2VonZQsbQeRAUDrQPyXa,Hoots Mon!
4OUOKKnQsy1l5QHF0sGKaR,It's All In The Game
0PNe52pgLBiaCnY61a4Gga,Carolina Moon
76C0SOZc6y1JkRsjtWJDDe,When
76HnRI6IQX4YHzYTgcM0RV,All I Have to Do Is Dream - Single Version; 2006 Remaster
4oCGnINvzJI8F5KWDajAOQ,On the Street Where You Live
2hoEISYqDdskGxin3ObSZd,Who's Sorry Now
4WRypfUPWm8bO1tvme9blS,Whole Lotta Woman
165n9dxHacuguzneup0HXQ,Magic Moments (with Mitchell Ayres and His Orchestra & The Ray Charles Singers)
4c7nmRVuhBOfU01tkI5PJq,The Story of My Life
4gphxUgq0JSFv2BCLhNDiE,Jailhouse Rock
1h2NZP7rlDgelQ0r1tCOzs,Great Balls Of Fire - 1964 Version
0YTchOzpVRhIo7oWARhNZs,Mary’s Boy Child
3wvZ0ZS3alz4zH2CNhR3AC,That'll Be The Day
4chlGZQX5uPYpRLp3NezmX,Diana
3OeX4IyrnpwkElW5iS8leo,All Shook Up
4lOqlG94QZMGKcQ9HfQuML,Gamblin' Man
1ptz7A6ZOwrlLbDFAkEsFu,"Yes Tonight, Josephine - Single Version"
7kVLaxY76M7squp7GT7pWJ,Butterfly
1cBYO5tGZBZZciPcPPbe3Y,Rock-A-Billy
1WDzWYBORWVCOjZsyz84xV,Cumberland Gap
2m05dLtNBR37vcqAJy9E2d,Young Love
11OjBqL7xcF2aCxJohoAop,The Garden Of Eden
4rm823KO8QtSAEWvPZwBdI,Singing the Blues
04tXIXILBf4xVOSYIbPlGC,Singing the Blues
7FxEiFOep6BU26dooH0O6F,Singing The Blues
6zahbizoDqcpCbXkDhe4Er,Just Walkin' in the Rain
51kNuqPnmllwTygxcMhC7P,A Woman in Love (with Percy Faith & His Orchestra)
1DUSanBrxv9u7QDutmd5G1,Lay Down Your Arms
3Dnv944x31XU4FFMlkfnWN,"Whatever Will Be, Will Be (Que Sera, Sera) - Single Version"
6vL5Kx5LmZzcL12DZl2OiY,Why Do Fools Fall in Love
6kDrdnrTIHIyJv7kFeoMIe,I'll Be Home
57gWaXJvGcxNKKpHLSCxKv,No Other Love
3VLp7dwKRjxsEnuZvtnv6U,The Poor People of Paris
1BM4CPEcrkIENsOj8Mp9vd,Rock and Roll Waltz - Remastered
0tWlbyGpVfzo0v2owxsLKt,It's Almost Tomorrow
4h0igWYayzteBtSNpWYQ9h,Memories Are Made Of This
3P6OwCX7Ofiaaqtvujb6i5,Sixteen Tons
5WMSaM5QwhcwadtTh16cOE,Christmas Alphabet
5PZf7EZr7GfkOAgeEcsqPa,(We're Gonna) Rock Around The Clock - Single Version
5qiw9P5Q3Su3QnhbAgGuVF,Hernando's Hideaway
1tdxyz5X5ZDR5wWv1EVfHr,The Man From Laramie
6jak4Fou65AgcZoLpNDN74,Rose Marie
0IrWAF44fR05kVifPolvP5,Dreamboat
052PRyiJ4MnNZdy2UD7QpC,Unchained Melody
3tAslcg6ygMIAcQWh0dJge,Cherry Pink and Apple Blossom White
1HUc5mDTIx8Ul2cxSiAkcj,Stranger In Paradise
5HisVcYPaIB4uHdrnW6HCt,Cherry Pink And Apple Blossom White
2kgaCzymwXYgXqK1zVbZTT,Give Me Your Word
1pdNzsr3DPspIl4s1llxA3,Softly Softly
2DNmAx0za1z7vKj9RwDHqe,Mambo Italiano
6UchVQhfXfp1RCz2T3s1En,Finger of Suspicion
1JtZ4enlxdXIcb3Zfj9Yum,Let's Have Another Party Medley
3reMY0PF49alfXMs30c2z4,This Ole House - Single Version
0V94YgBzg91PLOIBfOiUML,"My Son, My Son"
4fCfTLuNQmQeHznSt6pvwc,Hold My Hand
5rg9sDw8EIKyy9fZOqdgx1,Three Coins In The Fountain
0ydY41ZG7jwXAwdoD9fG2l,Little Things Mean A Lot
5bUrocoeLGFivrybd2etKD,Cara Mia
6l2DVX8umJrOz94AZ8LgOf,Such a Night
54ZWmrEJH1yGarP8Tpu0BG,Secret Love
30uXpo99gO0nlBBzU2Tr8G,I See the Moon
3t29xr4nzxUu1CPibWfU8m,Oh Mein Papa - 2005 Remaster
2FXs1zwZ26d6F54hdoIikT,Answer Me
4JAWp9w60hTbJQiZoyRqZf,Answer Me
6kFNlVdlnMb8yO7mhS4qFm,Hey! Joe
7noWtDhTjz8caFj19qp6ta,Look At That Girl
62g38zfSgs6iggvDagZiVW,The Moulin Rouge Theme
1FUjWzIBET7OkcwztaMzSU,I Believe
2xptPf8ALWnevUEpooEwdJ,I'm Walking Behind You
2rjbXY1KTn59svrLBs5Quc,How Much Is That Doggy In The Window
7lei0jLoAiZHZOkbPMjgg8,Broken Wings
20QadjAUkylAXp2ua8Fu8K,She Wears Red Feathers
0aRO8owjwQbcVRLfL3zR0U,Don't Let The Stars Get In Your Eyes
7EPMQkSsE5g777MzuVvEtf,Outside of Heaven
1s4lrWOURqWZXb6OZRTSp4,Comes A-Long A-Love
3xZe0jFAwc3akvChOrPS7u,You Belong To Me
6A9rJe6EJt5Q8AMQ4mtqxG,Here In My Heart
